TAP version 13
# (node:40830) [MODULE_TYPELESS_PACKAGE_JSON] Warning: Module type of file:///Users/mikepitre/Documents/Codex/2026-09-08/i/work/trees/javascript/packages/clerk-js/src/test/fixtures.ts is not specified and it doesn't parse as CommonJS.
# Reparsing as ES module because module syntax was detected. This incurs a performance overhead.
# To eliminate this warning, add "type": "module" to /Users/mikepitre/Documents/Codex/2026-09-08/i/work/trees/javascript/packages/clerk-js/package.json.
# (Use `node --trace-warnings ...` to show where the warning was created)
# Subtest: signIn.sso uses the native Apple identity provider and leaves finalization explicit
ok 1 - signIn.sso uses the native Apple identity provider and leaves finalization explicit
  ---
  duration_ms: 39.956333
  type: 'test'
  ...
# Subtest: signUp.sso uses the native Apple identity provider and leaves finalization explicit
ok 2 - signUp.sso uses the native Apple identity provider and leaves finalization explicit
  ---
  duration_ms: 12.031584
  type: 'test'
  ...
# Subtest: Apple identity cancellation and unavailable providers do not start an authentication request
ok 3 - Apple identity cancellation and unavailable providers do not start an authentication request
  ---
  duration_ms: 17.233791
  type: 'test'
  ...
# Subtest: reset fences a pending Apple identity result before an authentication request
ok 4 - reset fences a pending Apple identity result before an authentication request
  ---
  duration_ms: 11.076041
  type: 'test'
  ...
# Subtest: native Apple identity respects enabled profile attributes: [false,false]
ok 5 - native Apple identity respects enabled profile attributes: [false,false]
  ---
  duration_ms: 19.860708
  type: 'test'
  ...
# Subtest: native Apple identity respects enabled profile attributes: [true,false]
ok 6 - native Apple identity respects enabled profile attributes: [true,false]
  ---
  duration_ms: 29.30725
  type: 'test'
  ...
# Subtest: native Apple identity respects enabled profile attributes: [false,true]
ok 7 - native Apple identity respects enabled profile attributes: [false,true]
  ---
  duration_ms: 11.702542
  type: 'test'
  ...
# Subtest: native Apple identity respects enabled profile attributes: [true,true]
ok 8 - native Apple identity respects enabled profile attributes: [true,true]
  ---
  duration_ms: 12.109875
  type: 'test'
  ...
# (node:40831) [MODULE_TYPELESS_PACKAGE_JSON] Warning: Module type of file:///Users/mikepitre/Documents/Codex/2026-09-08/i/work/trees/javascript/packages/clerk-js/src/test/fixtures.ts is not specified and it doesn't parse as CommonJS.
# Reparsing as ES module because module syntax was detected. This incurs a performance overhead.
# To eliminate this warning, add "type": "module" to /Users/mikepitre/Documents/Codex/2026-09-08/i/work/trees/javascript/packages/clerk-js/package.json.
# (Use `node --trace-warnings ...` to show where the warning was created)
# Subtest: the attached owner's client deletion clears its credential for "Bearer"
ok 9 - the attached owner's client deletion clears its credential for "Bearer"
  ---
  duration_ms: 44.595792
  type: 'test'
  ...
# Subtest: the attached owner's client deletion clears its credential for "Bearer "
ok 10 - the attached owner's client deletion clears its credential for "Bearer "
  ---
  duration_ms: 30.976458
  type: 'test'
  ...
# Subtest: attached handshake validates the existing owner and bindings without another initialization request
ok 11 - attached handshake validates the existing owner and bindings without another initialization request
  ---
  duration_ms: 11.114
  type: 'test'
  ...
# Subtest: native snapshots tolerate the React Native window without a browser location
ok 12 - native snapshots tolerate the React Native window without a browser location
  ---
  duration_ms: 22.499084
  type: 'test'
  ...
# Subtest: native calls mutate the existing JavaScript facade and direct JavaScript reset invalidates its native group
ok 13 - native calls mutate the existing JavaScript facade and direct JavaScript reset invalidates its native group
  ---
  duration_ms: 12.937458
  type: 'test'
  ...
# Subtest: direct JavaScript verification publishes through the same native projection
ok 14 - direct JavaScript verification publishes through the same native projection
  ---
  duration_ms: 25.90725
  type: 'test'
  ...
# Subtest: JavaScript reset fences an in-flight native verification and its credential write
ok 15 - JavaScript reset fences an in-flight native verification and its credential write
  ---
  duration_ms: 7.970667
  type: 'test'
  ...
# Subtest: JavaScript sign-out fences native authentication even before a session exists
ok 16 - JavaScript sign-out fences native authentication even before a session exists
  ---
  duration_ms: 7.08425
  type: 'test'
  ...
# Subtest: detaching native views preserves pending JavaScript work and reattaches without a new client
ok 17 - detaching native views preserves pending JavaScript work and reattaches without a new client
  ---
  duration_ms: 8.261667
  type: 'test'
  ...
# Subtest: native reset preserves its own completion and rejects references from another projection
ok 18 - native reset preserves its own completion and rejects references from another projection
  ---
  duration_ms: 9.824666
  type: 'test'
  ...
# Subtest: an OS host attaches after load and preserves an application passkey adapter
ok 19 - an OS host attaches after load and preserves an application passkey adapter
  ---
  duration_ms: 5.529709
  type: 'test'
  ...
# Subtest: replacing and removing a native host changes subsequent auth request locales
ok 20 - replacing and removing a native host changes subsequent auth request locales
  ---
  duration_ms: 5.330916
  type: 'test'
  ...
# Subtest: an attached Apple host reconciles installation metadata on the existing core owner
ok 21 - an attached Apple host reconciles installation metadata on the existing core owner
  ---
  duration_ms: 6.979166
  type: 'test'
  ...
# (node:40832) [MODULE_TYPELESS_PACKAGE_JSON] Warning: Module type of file:///Users/mikepitre/Documents/Codex/2026-09-08/i/work/trees/javascript/packages/clerk-js/src/test/fixtures.ts is not specified and it doesn't parse as CommonJS.
# Reparsing as ES module because module syntax was detected. This incurs a performance overhead.
# To eliminate this warning, add "type": "module" to /Users/mikepitre/Documents/Codex/2026-09-08/i/work/trees/javascript/packages/clerk-js/package.json.
# (Use `node --trace-warnings ...` to show where the warning was created)
# Subtest: sign-up create and update preserve metadata JSON, profile fields and explicit consent
ok 22 - sign-up create and update preserve metadata JSON, profile fields and explicit consent
  ---
  duration_ms: 61.638542
  type: 'test'
  ...
# Subtest: resetPasswordEmailCode preserves revoke-other-sessions choice true
ok 23 - resetPasswordEmailCode preserves revoke-other-sessions choice true
  ---
  duration_ms: 7.5515
  type: 'test'
  ...
# Subtest: resetPasswordEmailCode preserves revoke-other-sessions choice false
ok 24 - resetPasswordEmailCode preserves revoke-other-sessions choice false
  ---
  duration_ms: 10.032042
  type: 'test'
  ...
# Subtest: resetPasswordEmailCode preserves revoke-other-sessions choice (default)
ok 25 - resetPasswordEmailCode preserves revoke-other-sessions choice (default)
  ---
  duration_ms: 9.486458
  type: 'test'
  ...
# Subtest: resetPasswordPhoneCode preserves revoke-other-sessions choice true
ok 26 - resetPasswordPhoneCode preserves revoke-other-sessions choice true
  ---
  duration_ms: 14.174958
  type: 'test'
  ...
# Subtest: resetPasswordPhoneCode preserves revoke-other-sessions choice false
ok 27 - resetPasswordPhoneCode preserves revoke-other-sessions choice false
  ---
  duration_ms: 7.24225
  type: 'test'
  ...
# Subtest: resetPasswordPhoneCode preserves revoke-other-sessions choice (default)
ok 28 - resetPasswordPhoneCode preserves revoke-other-sessions choice (default)
  ---
  duration_ms: 11.50925
  type: 'test'
  ...
# Subtest: generated SignIn.create preserves direct authentication fields ["identifier"]
ok 29 - generated SignIn.create preserves direct authentication fields ["identifier"]
  ---
  duration_ms: 18.848459
  type: 'test'
  ...
# Subtest: generated SignIn.create preserves direct authentication fields ["identifier","password"]
ok 30 - generated SignIn.create preserves direct authentication fields ["identifier","password"]
  ---
  duration_ms: 7.270042
  type: 'test'
  ...
# Subtest: generated SignIn.ticket preserves direct authentication fields ["ticket"]
ok 31 - generated SignIn.ticket preserves direct authentication fields ["ticket"]
  ---
  duration_ms: 9.5825
  type: 'test'
  ...
# Subtest: generated SignIn.create preserves direct authentication fields ["strategy","token"]
ok 32 - generated SignIn.create preserves direct authentication fields ["strategy","token"]
  ---
  duration_ms: 9.125333
  type: 'test'
  ...
# Subtest: generated SignUp.create preserves direct authentication fields ["emailAddress","password"]
ok 33 - generated SignUp.create preserves direct authentication fields ["emailAddress","password"]
  ---
  duration_ms: 11.449792
  type: 'test'
  ...
# Subtest: generated SignUp.create preserves direct authentication fields ["transfer","unsafeMetadata","legalAccepted"]
ok 34 - generated SignUp.create preserves direct authentication fields ["transfer","unsafeMetadata","legalAccepted"]
  ---
  duration_ms: 8.989208
  type: 'test'
  ...
# Subtest: generated SignUp.create preserves direct authentication fields ["strategy","token","firstName","lastName","unsafeMetadata"]
ok 35 - generated SignUp.create preserves direct authentication fields ["strategy","token","firstName","lastName","unsafeMetadata"]
  ---
  duration_ms: 21.730625
  type: 'test'
  ...
# Subtest: generated SignUp.ticket preserves direct authentication fields ["ticket","unsafeMetadata"]
ok 36 - generated SignUp.ticket preserves direct authentication fields ["ticket","unsafeMetadata"]
  ---
  duration_ms: 7.1245
  type: 'test'
  ...
# (node:40833) [MODULE_TYPELESS_PACKAGE_JSON] Warning: Module type of file:///Users/mikepitre/Documents/Codex/2026-09-08/i/work/trees/javascript/packages/clerk-js/src/test/fixtures.ts is not specified and it doesn't parse as CommonJS.
# Reparsing as ES module because module syntax was detected. This incurs a performance overhead.
# To eliminate this warning, add "type": "module" to /Users/mikepitre/Documents/Codex/2026-09-08/i/work/trees/javascript/packages/clerk-js/package.json.
# (Use `node --trace-warnings ...` to show where the warning was created)
# Subtest: generated signIn.emailCode.sendCode keeps its explicit authentication strategy
ok 37 - generated signIn.emailCode.sendCode keeps its explicit authentication strategy
  ---
  duration_ms: 37.920167
  type: 'test'
  ...
# Subtest: generated signIn.phoneCode.sendCode keeps its explicit authentication strategy
ok 38 - generated signIn.phoneCode.sendCode keeps its explicit authentication strategy
  ---
  duration_ms: 15.79725
  type: 'test'
  ...
# Subtest: generated signIn.emailCode.verifyCode keeps its explicit authentication strategy
ok 39 - generated signIn.emailCode.verifyCode keeps its explicit authentication strategy
  ---
  duration_ms: 8.57
  type: 'test'
  ...
# Subtest: generated signIn.phoneCode.verifyCode keeps its explicit authentication strategy
ok 40 - generated signIn.phoneCode.verifyCode keeps its explicit authentication strategy
  ---
  duration_ms: 9.463667
  type: 'test'
  ...
# Subtest: generated signIn.resetPasswordEmailCode.verifyCode keeps its explicit authentication strategy
ok 41 - generated signIn.resetPasswordEmailCode.verifyCode keeps its explicit authentication strategy
  ---
  duration_ms: 12.032042
  type: 'test'
  ...
# Subtest: generated signIn.resetPasswordPhoneCode.verifyCode keeps its explicit authentication strategy
ok 42 - generated signIn.resetPasswordPhoneCode.verifyCode keeps its explicit authentication strategy
  ---
  duration_ms: 9.606167
  type: 'test'
  ...
# Subtest: generated signIn.mfa.verifyPhoneCode keeps its explicit authentication strategy
ok 43 - generated signIn.mfa.verifyPhoneCode keeps its explicit authentication strategy
  ---
  duration_ms: 11.365458
  type: 'test'
  ...
# Subtest: generated signIn.mfa.verifyEmailCode keeps its explicit authentication strategy
ok 44 - generated signIn.mfa.verifyEmailCode keeps its explicit authentication strategy
  ---
  duration_ms: 37.304
  type: 'test'
  ...
# Subtest: generated signIn.mfa.verifyTOTP keeps its explicit authentication strategy
ok 45 - generated signIn.mfa.verifyTOTP keeps its explicit authentication strategy
  ---
  duration_ms: 7.076292
  type: 'test'
  ...
# Subtest: generated signIn.mfa.verifyBackupCode keeps its explicit authentication strategy
ok 46 - generated signIn.mfa.verifyBackupCode keeps its explicit authentication strategy
  ---
  duration_ms: 10.073708
  type: 'test'
  ...
# Subtest: generated signUp.verifications.sendEmailCode keeps its explicit authentication strategy
ok 47 - generated signUp.verifications.sendEmailCode keeps its explicit authentication strategy
  ---
  duration_ms: 9.514667
  type: 'test'
  ...
# Subtest: generated signUp.verifications.sendPhoneCode keeps its explicit authentication strategy
ok 48 - generated signUp.verifications.sendPhoneCode keeps its explicit authentication strategy
  ---
  duration_ms: 11.513583
  type: 'test'
  ...
# Subtest: generated signUp.verifications.verifyEmailCode keeps its explicit authentication strategy
ok 49 - generated signUp.verifications.verifyEmailCode keeps its explicit authentication strategy
  ---
  duration_ms: 12.591667
  type: 'test'
  ...
# Subtest: generated signUp.verifications.verifyPhoneCode keeps its explicit authentication strategy
ok 50 - generated signUp.verifications.verifyPhoneCode keeps its explicit authentication strategy
  ---
  duration_ms: 9.366709
  type: 'test'
  ...
# Subtest: future password sign-in reuses the current identifier through the canonical create request
ok 51 - future password sign-in reuses the current identifier through the canonical create request
  ---
  duration_ms: 9.063625
  type: 'test'
  ...
# (node:40834) [MODULE_TYPELESS_PACKAGE_JSON] Warning: Module type of file:///Users/mikepitre/Documents/Codex/2026-09-08/i/work/trees/javascript/packages/clerk-js/src/test/fixtures.ts is not specified and it doesn't parse as CommonJS.
# Reparsing as ES module because module syntax was detected. This incurs a performance overhead.
# To eliminate this warning, add "type": "module" to /Users/mikepitre/Documents/Codex/2026-09-08/i/work/trees/javascript/packages/clerk-js/package.json.
# (Use `node --trace-warnings ...` to show where the warning was created)
# Subtest: biometric local availability reports ready from source policy without authentication
ok 52 - biometric local availability reports ready from source policy without authentication
  ---
  duration_ms: 29.15075
  type: 'test'
  ...
# Subtest: biometric local availability reports disabled from source policy without authentication
ok 53 - biometric local availability reports disabled from source policy without authentication
  ---
  duration_ms: 9.644792
  type: 'test'
  ...
# Subtest: biometric local availability reports unsupported from source policy without authentication
ok 54 - biometric local availability reports unsupported from source policy without authentication
  ---
  duration_ms: 6.728125
  type: 'test'
  ...
# Subtest: biometric local availability reports missingKey from source policy without authentication
ok 55 - biometric local availability reports missingKey from source policy without authentication
  ---
  duration_ms: 6.548666
  type: 'test'
  ...
# Subtest: biometric local availability reports noLocal from source policy without authentication
ok 56 - biometric local availability reports noLocal from source policy without authentication
  ---
  duration_ms: 9.646875
  type: 'test'
  ...
# Subtest: biometric local availability reports noCapability from source policy without authentication
ok 57 - biometric local availability reports noCapability from source policy without authentication
  ---
  duration_ms: 6.269334
  type: 'test'
  ...
# Subtest: biometric sign-in creates and attempts the canonical future resource without activation or secret snapshots
ok 58 - biometric sign-in creates and attempts the canonical future resource without activation or secret snapshots
  ---
  duration_ms: 12.044459
  type: 'test'
  ...
# Subtest: cancelled biometric prompt preserves local enrollment and sends no attempt
ok 59 - cancelled biometric prompt preserves local enrollment and sends no attempt
  ---
  duration_ms: 10.697459
  type: 'test'
  ...
# Subtest: signed-in reconciliation removes a revoked local credential
ok 60 - signed-in reconciliation removes a revoked local credential
  ---
  duration_ms: 13.178625
  type: 'test'
  ...
# Subtest: enrollment saves normalized local metadata, replaces the installation key, and sends source-owned request bodies
ok 61 - enrollment saves normalized local metadata, replaces the installation key, and sends source-owned request bodies
  ---
  duration_ms: 12.661334
  type: 'test'
  ...
# Subtest: enrollment storage failure revokes the new server credential and removes its private key
ok 62 - enrollment storage failure revokes the new server credential and removes its private key
  ---
  duration_ms: 44.833792
  type: 'test'
  ...
# Subtest: account-scoped local cleanup preserves other users and retries pending deletions after restart
ok 63 - account-scoped local cleanup preserves other users and retries pending deletions after restart
  ---
  duration_ms: 6.237708
  type: 'test'
  ...
# Subtest: reset cancels a biometric prompt without sending its eventual signature
ok 64 - reset cancels a biometric prompt without sending its eventual signature
  ---
  duration_ms: 13.083208
  type: 'test'
  ...
# Subtest: biometric wrongCredential challenge fails before a system prompt
ok 65 - biometric wrongCredential challenge fails before a system prompt
  ---
  duration_ms: 9.000583
  type: 'test'
  ...
# Subtest: biometric expired challenge fails before a system prompt
ok 66 - biometric expired challenge fails before a system prompt
  ---
  duration_ms: 10.527125
  type: 'test'
  ...
# Subtest: server validation removes missing credentials but preserves them on transient errors
ok 67 - server validation removes missing credentials but preserves them on transient errors
  ---
  duration_ms: 29.710333
  type: 'test'
  ...
# Subtest: canonical account deletion removes local biometric metadata and retains a failed cleanup for restart
ok 68 - canonical account deletion removes local biometric metadata and retains a failed cleanup for restart
  ---
  duration_ms: 6.7765
  type: 'test'
  ...
# Subtest: legacy Android metadata remains usable with policy (omitted default)
ok 69 - legacy Android metadata remains usable with policy (omitted default)
  ---
  duration_ms: 8.89675
  type: 'test'
  ...
# Subtest: legacy Android metadata remains usable with policy biometry_current_set
ok 70 - legacy Android metadata remains usable with policy biometry_current_set
  ---
  duration_ms: 12.982625
  type: 'test'
  ...
# Subtest: a new Apple installation deletes only its own surviving biometric keys before becoming available
ok 71 - a new Apple installation deletes only its own surviving biometric keys before becoming available
  ---
  duration_ms: 5.960875
  type: 'test'
  ...
# Subtest: an existing Apple installation preserves its enrolled credential
ok 72 - an existing Apple installation preserves its enrolled credential
  ---
  duration_ms: 11.252708
  type: 'test'
  ...
# Subtest: failed installation cleanup blocks use and coalesces a later successful retry
ok 73 - failed installation cleanup blocks use and coalesces a later successful retry
  ---
  duration_ms: 8.602416
  type: 'test'
  ...
# Subtest: installation completion waits for successful biometrics.storage.read
ok 74 - installation completion waits for successful biometrics.storage.read
  ---
  duration_ms: 9.353
  type: 'test'
  ...
# Subtest: installation completion waits for successful biometrics.storage.write
ok 75 - installation completion waits for successful biometrics.storage.write
  ---
  duration_ms: 18.677292
  type: 'test'
  ...
# Subtest: installation completion waits for successful biometrics.installation.markCurrent
ok 76 - installation completion waits for successful biometrics.installation.markCurrent
  ---
  duration_ms: 9.383083
  type: 'test'
  ...
# Subtest: biometric enroll preserves unrelated raw metadata
ok 77 - biometric enroll preserves unrelated raw metadata
  ---
  duration_ms: 8.337208
  type: 'test'
  ...
# Subtest: biometric revoke preserves unrelated raw metadata
ok 78 - biometric revoke preserves unrelated raw metadata
  ---
  duration_ms: 8.012166
  type: 'test'
  ...
# Subtest: biometric forgetLocalCredentials preserves unrelated raw metadata
ok 79 - biometric forgetLocalCredentials preserves unrelated raw metadata
  ---
  duration_ms: 7.919459
  type: 'test'
  ...
# Subtest: biometric availability preserves unrelated raw metadata
ok 80 - biometric availability preserves unrelated raw metadata
  ---
  duration_ms: 8.289792
  type: 'test'
  ...
# Subtest: biometric validateLocalCredential preserves unrelated raw metadata
ok 81 - biometric validateLocalCredential preserves unrelated raw metadata
  ---
  duration_ms: 8.834458
  type: 'test'
  ...
# Subtest: biometric localAvailability preserves unrelated raw metadata
ok 82 - biometric localAvailability preserves unrelated raw metadata
  ---
  duration_ms: 10.521958
  type: 'test'
  ...
# Subtest: biometric enrollment refuses to overwrite unreadable metadata (not-json)
ok 83 - biometric enrollment refuses to overwrite unreadable metadata (not-json)
  ---
  duration_ms: 9.966375
  type: 'test'
  ...
# Subtest: biometric enrollment refuses to overwrite unreadable metadata ({"not":"a list"})
ok 84 - biometric enrollment refuses to overwrite unreadable metadata ({"not":"a list"})
  ---
  duration_ms: 12.912417
  type: 'test'
  ...
# Subtest: biometric enrollment deletes a replaced key after saving the same credential ID
ok 85 - biometric enrollment deletes a replaced key after saving the same credential ID
  ---
  duration_ms: 35.047
  type: 'test'
  ...
# Subtest: server biometric revocation survives local biometrics.storage.read failure
ok 86 - server biometric revocation survives local biometrics.storage.read failure
  ---
  duration_ms: 8.539125
  type: 'test'
  ...
# Subtest: server biometric revocation survives local biometrics.storage.write failure
ok 87 - server biometric revocation survives local biometrics.storage.write failure
  ---
  duration_ms: 10.389417
  type: 'test'
  ...
# Subtest: server biometric revocation survives local biometrics.deleteKey failure
ok 88 - server biometric revocation survives local biometrics.deleteKey failure
  ---
  duration_ms: 6.389542
  type: 'test'
  ...
# Subtest: saved biometric enrollment survives a subsequent cleanup read failure
ok 89 - saved biometric enrollment survives a subsequent cleanup read failure
  ---
  duration_ms: 10.162167
  type: 'test'
  ...
# Subtest: biometric list preserves backend fields and known values
ok 90 - biometric list preserves backend fields and known values
  ---
  duration_ms: 6.919625
  type: 'test'
  ...
# Subtest: biometric list preserves backend fields and future values
ok 91 - biometric list preserves backend fields and future values
  ---
  duration_ms: 5.986917
  type: 'test'
  ...
# Subtest: biometric enrollment uses ios policy default and exact request fields
ok 92 - biometric enrollment uses ios policy default and exact request fields
  ---
  duration_ms: 11.160583
  type: 'test'
  ...
# Subtest: biometric enrollment uses android policy default and exact request fields
ok 93 - biometric enrollment uses android policy default and exact request fields
  ---
  duration_ms: 12.827
  type: 'test'
  ...
# Subtest: biometric enrollment uses ios policy biometry_any and exact request fields
ok 94 - biometric enrollment uses ios policy biometry_any and exact request fields
  ---
  duration_ms: 31.819833
  type: 'test'
  ...
# Subtest: biometric enrollment uses ios policy biometry_or_device_passcode and exact request fields
ok 95 - biometric enrollment uses ios policy biometry_or_device_passcode and exact request fields
  ---
  duration_ms: 18.414375
  type: 'test'
  ...
# Subtest: biometric selection honors newest through sign-in
ok 96 - biometric selection honors newest through sign-in
  ---
  duration_ms: 32.390166
  type: 'test'
  ...
# Subtest: biometric selection honors explicit ID through sign-in
ok 97 - biometric selection honors explicit ID through sign-in
  ---
  duration_ms: 28.863958
  type: 'test'
  ...
# Subtest: biometric selection honors normalized hint through sign-in
ok 98 - biometric selection honors normalized hint through sign-in
  ---
  duration_ms: 12.556708
  type: 'test'
  ...
# Subtest: biometric selection honors current user through sign-in
ok 99 - biometric selection honors current user through sign-in
  ---
  duration_ms: 8.660917
  type: 'test'
  ...
# Subtest: biometric selection honors changed hint with currentUser through sign-in
ok 100 - biometric selection honors changed hint with currentUser through sign-in
  ---
  duration_ms: 10.990542
  type: 'test'
  ...
# Subtest: biometric selection honors stale newer credential through sign-in
ok 101 - biometric selection honors stale newer credential through sign-in
  ---
  duration_ms: 10.149208
  type: 'test'
  ...
# Subtest: biometric availability handles local signed-in without unnecessary authenticated HTTP
ok 102 - biometric availability handles local signed-in without unnecessary authenticated HTTP
  ---
  duration_ms: 15.283625
  type: 'test'
  ...
# Subtest: biometric availability handles expired without unnecessary authenticated HTTP
ok 103 - biometric availability handles expired without unnecessary authenticated HTTP
  ---
  duration_ms: 5.775209
  type: 'test'
  ...
# Subtest: biometric availability handles hint mismatch without unnecessary authenticated HTTP
ok 104 - biometric availability handles hint mismatch without unnecessary authenticated HTTP
  ---
  duration_ms: 5.457584
  type: 'test'
  ...
# Subtest: biometric availability handles other user without unnecessary authenticated HTTP
ok 105 - biometric availability handles other user without unnecessary authenticated HTTP
  ---
  duration_ms: 6.664333
  type: 'test'
  ...
# Subtest: biometric availability handles native disabled without unnecessary authenticated HTTP
ok 106 - biometric availability handles native disabled without unnecessary authenticated HTTP
  ---
  duration_ms: 17.579959
  type: 'test'
  ...
# Subtest: biometric sign_ins handles trusted_device_not_registered for trusted_device_id
ok 107 - biometric sign_ins handles trusted_device_not_registered for trusted_device_id
  ---
  duration_ms: 8.448958
  type: 'test'
  ...
# Subtest: biometric attempt_first_factor handles form_resource_not_found for trusted_device_id
ok 108 - biometric attempt_first_factor handles form_resource_not_found for trusted_device_id
  ---
  duration_ms: 9.719792
  type: 'test'
  ...
# Subtest: biometric sign_ins handles form_resource_not_found for identifier
ok 109 - biometric sign_ins handles form_resource_not_found for identifier
  ---
  duration_ms: 10.747166
  type: 'test'
  ...
# Subtest: biometric enrollment and current-device revocation require an eligible session (active)
ok 110 - biometric enrollment and current-device revocation require an eligible session (active)
  ---
  duration_ms: 7.60225
  type: 'test'
  ...
# Subtest: biometric enrollment and current-device revocation require an eligible session (pending)
ok 111 - biometric enrollment and current-device revocation require an eligible session (pending)
  ---
  duration_ms: 12.690292
  type: 'test'
  ...
# Subtest: biometric enrollment and current-device revocation require an eligible session (signed-out)
ok 112 - biometric enrollment and current-device revocation require an eligible session (signed-out)
  ---
  duration_ms: 25.317542
  type: 'test'
  ...
# Subtest: current-device revocation preserves other users and returns null without a matching local record
ok 113 - current-device revocation preserves other users and returns null without a matching local record
  ---
  duration_ms: 9.119167
  type: 'test'
  ...
# Subtest: biometric validation preserves the outcome of form_resource_not_found for trusted_device_id
ok 114 - biometric validation preserves the outcome of form_resource_not_found for trusted_device_id
  ---
  duration_ms: 7.254125
  type: 'test'
  ...
# Subtest: biometric validation preserves the outcome of native_api_disabled for feature
ok 115 - biometric validation preserves the outcome of native_api_disabled for feature
  ---
  duration_ms: 10.124959
  type: 'test'
  ...
# Subtest: biometric validation preserves the outcome of feature_not_enabled for feature
ok 116 - biometric validation preserves the outcome of feature_not_enabled for feature
  ---
  duration_ms: 7.514125
  type: 'test'
  ...
# Subtest: biometric validation preserves the outcome of form_resource_not_found for identifier
ok 117 - biometric validation preserves the outcome of form_resource_not_found for identifier
  ---
  duration_ms: 30.723584
  type: 'test'
  ...
# Subtest: biometric validation tries an older credential after removing a missing newest one
ok 118 - biometric validation tries an older credential after removing a missing newest one
  ---
  duration_ms: 6.500459
  type: 'test'
  ...
# Subtest: biometric enrollment aborts and cleans up when its initiating session disappears during prepare
ok 119 - biometric enrollment aborts and cleans up when its initiating session disappears during prepare
  ---
  duration_ms: 22.123291
  type: 'test'
  ...
# Subtest: biometric enrollment aborts and cleans up when its initiating session disappears during attempt
ok 120 - biometric enrollment aborts and cleans up when its initiating session disappears during attempt
  ---
  duration_ms: 10.60375
  type: 'test'
  ...
# Subtest: biometric sign-in rejects an absent challenge without preparing a separate factor
ok 121 - biometric sign-in rejects an absent challenge without preparing a separate factor
  ---
  duration_ms: 11.778875
  type: 'test'
  ...
# Subtest: biometric enrollment rolls back persisted metadata if selection changes during the save
ok 122 - biometric enrollment rolls back persisted metadata if selection changes during the save
  ---
  duration_ms: 16.971917
  type: 'test'
  ...
# Subtest: account biometric cleanup preserves retryable metadata after a key failure
ok 123 - account biometric cleanup preserves retryable metadata after a key failure
  ---
  duration_ms: 7.181833
  type: 'test'
  ...
# Subtest: account biometric cleanup preserves retryable metadata after a write failure
ok 124 - account biometric cleanup preserves retryable metadata after a write failure
  ---
  duration_ms: 7.290583
  type: 'test'
  ...
# Subtest: replacement enrollment keeps committed metadata when deleting the prior key fails
ok 125 - replacement enrollment keeps committed metadata when deleting the prior key fails
  ---
  duration_ms: 13.477083
  type: 'test'
  ...
# Subtest: biometric selection skips local records missing policy
ok 126 - biometric selection skips local records missing policy
  ---
  duration_ms: 5.1095
  type: 'test'
  ...
# Subtest: biometric selection skips local records missing userId
ok 127 - biometric selection skips local records missing userId
  ---
  duration_ms: 6.106291
  type: 'test'
  ...
# Subtest: failed biometric enrollment removes only its new key and preserves existing enrollments
ok 128 - failed biometric enrollment removes only its new key and preserves existing enrollments
  ---
  duration_ms: 8.45675
  type: 'test'
  ...
# Subtest: successful enrollment replaces current-app credentials across users without revoking their server IDs
ok 129 - successful enrollment replaces current-app credentials across users without revoking their server IDs
  ---
  duration_ms: 6.97875
  type: 'test'
  ...
# Subtest: enrollment normalizes omitted identifier hints
ok 130 - enrollment normalizes omitted identifier hints
  ---
  duration_ms: 6.767666
  type: 'test'
  ...
# Subtest: enrollment normalizes blank identifier hints
ok 131 - enrollment normalizes blank identifier hints
  ---
  duration_ms: 6.854667
  type: 'test'
  ...
# (node:40835) [MODULE_TYPELESS_PACKAGE_JSON] Warning: Module type of file:///Users/mikepitre/Documents/Codex/2026-09-08/i/work/trees/javascript/packages/clerk-js/src/test/fixtures.ts is not specified and it doesn't parse as CommonJS.
# Reparsing as ES module because module syntax was detected. This incurs a performance overhead.
# To eliminate this warning, add "type": "module" to /Users/mikepitre/Documents/Codex/2026-09-08/i/work/trees/javascript/packages/clerk-js/package.json.
# (Use `node --trace-warnings ...` to show where the warning was created)
# Subtest: credential rotation rejects a later-issued response authenticated with the old credential
ok 132 - credential rotation rejects a later-issued response authenticated with the old credential
  ---
  duration_ms: 41.899458
  type: 'test'
  ...
# Subtest: canonical client without a response credential requires a credential before hydration
ok 133 - canonical client without a response credential requires a credential before hydration
  ---
  duration_ms: 7.356459
  type: 'test'
  ...
# Subtest: canonical client without a response credential requires the restored credential
ok 134 - canonical client without a response credential requires the restored credential
  ---
  duration_ms: 5.231708
  type: 'test'
  ...
# (node:40836) [MODULE_TYPELESS_PACKAGE_JSON] Warning: Module type of file:///Users/mikepitre/Documents/Codex/2026-09-08/i/work/trees/javascript/packages/clerk-js/src/test/fixtures.ts is not specified and it doesn't parse as CommonJS.
# Reparsing as ES module because module syntax was detected. This incurs a performance overhead.
# To eliminate this warning, add "type": "module" to /Users/mikepitre/Documents/Codex/2026-09-08/i/work/trees/javascript/packages/clerk-js/package.json.
# (Use `node --trace-warnings ...` to show where the warning was created)
# Subtest: empty foreground client response preserves accepted identity: newer session=false
ok 135 - empty foreground client response preserves accepted identity: newer session=false
  ---
  duration_ms: 32.589
  type: 'test'
  ...
# Subtest: empty foreground client response preserves accepted identity: newer session=true
ok 136 - empty foreground client response preserves accepted identity: newer session=true
  ---
  duration_ms: 11.6465
  type: 'test'
  ...
# Subtest: session changes become visible only after the client credential is persisted
ok 137 - session changes become visible only after the client credential is persisted
  ---
  duration_ms: 7.730792
  type: 'test'
  ...
# Subtest: failed credential persistence preserves the visible session and permits retry
ok 138 - failed credential persistence preserves the visible session and permits retry
  ---
  duration_ms: 10.2765
  type: 'test'
  ...
# Subtest: client response ordering preserves server state: older server date
ok 139 - client response ordering preserves server state: older server date
  ---
  duration_ms: 14.714875
  type: 'test'
  ...
# Subtest: client response ordering preserves server state: equal date and older client version
ok 140 - client response ordering preserves server state: equal date and older client version
  ---
  duration_ms: 9.428584
  type: 'test'
  ...
# Subtest: client response ordering preserves server state: missing server dates
ok 141 - client response ordering preserves server state: missing server dates
  ---
  duration_ms: 14.062
  type: 'test'
  ...
# Subtest: client response ordering preserves server state: invalid server dates
ok 142 - client response ordering preserves server state: invalid server dates
  ---
  duration_ms: 13.59325
  type: 'test'
  ...
# Subtest: client response ordering preserves server state: newer server date despite older request
ok 143 - client response ordering preserves server state: newer server date despite older request
  ---
  duration_ms: 11.851958
  type: 'test'
  ...
# Subtest: client response ordering preserves server state: equal date and newer client version despite older request
ok 144 - client response ordering preserves server state: equal date and newer client version despite older request
  ---
  duration_ms: 28.552166
  type: 'test'
  ...
# Subtest: client response ordering preserves server state: older meta.client response
ok 145 - client response ordering preserves server state: older meta.client response
  ---
  duration_ms: 14.310875
  type: 'test'
  ...
# Subtest: client response ordering preserves server state: newer meta.client server date
ok 146 - client response ordering preserves server state: newer meta.client server date
  ---
  duration_ms: 11.259625
  type: 'test'
  ...
# Subtest: an older foreground client reply cannot remove a task accepted by a newer session response
ok 147 - an older foreground client reply cannot remove a task accepted by a newer session response
  ---
  duration_ms: 16.325875
  type: 'test'
  ...
# Subtest: authentication reset starts a new response-date history without signing out the session
ok 148 - authentication reset starts a new response-date history without signing out the session
  ---
  duration_ms: 10.142292
  type: 'test'
  ...
# (node:40837) [MODULE_TYPELESS_PACKAGE_JSON] Warning: Module type of file:///Users/mikepitre/Documents/Codex/2026-09-08/i/work/trees/javascript/packages/clerk-js/src/test/fixtures.ts is not specified and it doesn't parse as CommonJS.
# Reparsing as ES module because module syntax was detected. This incurs a performance overhead.
# To eliminate this warning, add "type": "module" to /Users/mikepitre/Documents/Codex/2026-09-08/i/work/trees/javascript/packages/clerk-js/package.json.
# (Use `node --trace-warnings ...` to show where the warning was created)
# Subtest: reconnection refreshes resources once and background restoration waits for foreground
ok 149 - reconnection refreshes resources once and background restoration waits for foreground
  ---
  duration_ms: 154.333209
  type: 'test'
  ...
# Subtest: foreground while offline waits for reconnection and duplicate recovery events share a reload
ok 150 - foreground while offline waits for reconnection and duplicate recovery events share a reload
  ---
  duration_ms: 105.482292
  type: 'test'
  ...
# Subtest: invalid connectivity values fail explicitly; disposed owners ignore restoration
ok 151 - invalid connectivity values fail explicitly; disposed owners ignore restoration
  ---
  duration_ms: 40.765166
  type: 'test'
  ...
# Subtest: restoration during a failing reload retries after it settles and preserves the owner
ok 152 - restoration during a failing reload retries after it settles and preserves the owner
  ---
  duration_ms: 72.73725
  type: 'test'
  ...
# (node:40838) [MODULE_TYPELESS_PACKAGE_JSON] Warning: Module type of file:///Users/mikepitre/Documents/Codex/2026-09-08/i/work/trees/javascript/packages/clerk-js/src/test/fixtures.ts is not specified and it doesn't parse as CommonJS.
# Reparsing as ES module because module syntax was detected. This incurs a performance overhead.
# To eliminate this warning, add "type": "module" to /Users/mikepitre/Documents/Codex/2026-09-08/i/work/trees/javascript/packages/clerk-js/package.json.
# (Use `node --trace-warnings ...` to show where the warning was created)
# Subtest: generated email contact creation, verification, and deletion publish usable state
ok 153 - generated email contact creation, verification, and deletion publish usable state
  ---
  duration_ms: 44.868583
  type: 'test'
  ...
# Subtest: generated phone contact creation, verification, and deletion publish usable state
ok 154 - generated phone contact creation, verification, and deletion publish usable state
  ---
  duration_ms: 17.227625
  type: 'test'
  ...
# (node:40839) [MODULE_TYPELESS_PACKAGE_JSON] Warning: Module type of file:///Users/mikepitre/Documents/Codex/2026-09-08/i/work/trees/javascript/packages/clerk-js/src/test/fixtures.ts is not specified and it doesn't parse as CommonJS.
# Reparsing as ES module because module syntax was detected. This incurs a performance overhead.
# To eliminate this warning, add "type": "module" to /Users/mikepitre/Documents/Codex/2026-09-08/i/work/trees/javascript/packages/clerk-js/package.json.
# (Use `node --trace-warnings ...` to show where the warning was created)
# Subtest: environment accepts missing organization settings with canonical defaults
ok 155 - environment accepts missing organization settings with canonical defaults
  ---
  duration_ms: 30.560208
  type: 'test'
  ...
# Subtest: environment accepts empty organization settings with canonical defaults
ok 156 - environment accepts empty organization settings with canonical defaults
  ---
  duration_ms: 8.246333
  type: 'test'
  ...
# Subtest: environment accepts null children organization settings with canonical defaults
ok 157 - environment accepts null children organization settings with canonical defaults
  ---
  duration_ms: 5.343834
  type: 'test'
  ...
# Subtest: environment accepts partial organization settings with canonical defaults
ok 158 - environment accepts partial organization settings with canonical defaults
  ---
  duration_ms: 6.516958
  type: 'test'
  ...
# Subtest: environment accepts partial nested settings organization settings with canonical defaults
ok 159 - environment accepts partial nested settings organization settings with canonical defaults
  ---
  duration_ms: 20.285375
  type: 'test'
  ...
# Subtest: environment accepts complete organization settings with canonical defaults
ok 160 - environment accepts complete organization settings with canonical defaults
  ---
  duration_ms: 5.601125
  type: 'test'
  ...
# Subtest: display support email preserves missing
ok 161 - display support email preserves missing
  ---
  duration_ms: 6.594958
  type: 'test'
  ...
# Subtest: display support email preserves null
ok 162 - display support email preserves null
  ---
  duration_ms: 5.210792
  type: 'test'
  ...
# Subtest: display support email preserves help@example.com
ok 163 - display support email preserves help@example.com
  ---
  duration_ms: 6.173084
  type: 'test'
  ...
# Subtest: user attribute preserves missing immutable and factor settings
ok 164 - user attribute preserves missing immutable and factor settings
  ---
  duration_ms: 7.112125
  type: 'test'
  ...
# Subtest: user attribute preserves false immutable and factor settings
ok 165 - user attribute preserves false immutable and factor settings
  ---
  duration_ms: 6.364458
  type: 'test'
  ...
# Subtest: user attribute preserves true immutable and factor settings
ok 166 - user attribute preserves true immutable and factor settings
  ---
  duration_ms: 12.807084
  type: 'test'
  ...
# Subtest: passkey attributes preserve first factor configuration
ok 167 - passkey attributes preserve first factor configuration
  ---
  duration_ms: 14.972167
  type: 'test'
  ...
# Subtest: passkey attributes preserve registration only configuration
ok 168 - passkey attributes preserve registration only configuration
  ---
  duration_ms: 4.743416
  type: 'test'
  ...
# Subtest: passkey attributes preserve disabled configuration
ok 169 - passkey attributes preserve disabled configuration
  ---
  duration_ms: 13.17325
  type: 'test'
  ...
# Subtest: missing required passkey attribute fails the generated contract
ok 170 - missing required passkey attribute fails the generated contract
  ---
  duration_ms: 5.072791
  type: 'test'
  ...
# Subtest: development warning preserves missing/default false
ok 171 - development warning preserves missing/default false
  ---
  duration_ms: 7.767209
  type: 'test'
  ...
# Subtest: development warning preserves false
ok 172 - development warning preserves false
  ---
  duration_ms: 8.593167
  type: 'test'
  ...
# Subtest: development warning preserves true
ok 173 - development warning preserves true
  ---
  duration_ms: 10.842334
  type: 'test'
  ...
# Subtest: auth configuration preserves missing
ok 174 - auth configuration preserves missing
  ---
  duration_ms: 7.913917
  type: 'test'
  ...
# Subtest: auth configuration preserves single session only
ok 175 - auth configuration preserves single session only
  ---
  duration_ms: 11.368625
  type: 'test'
  ...
# Subtest: auth configuration preserves all native flags
ok 176 - auth configuration preserves all native flags
  ---
  duration_ms: 9.000916
  type: 'test'
  ...
# Subtest: commerce configuration preserves missing
ok 177 - commerce configuration preserves missing
  ---
  duration_ms: 7.488292
  type: 'test'
  ...
# Subtest: commerce configuration preserves user
ok 178 - commerce configuration preserves user
  ---
  duration_ms: 5.76275
  type: 'test'
  ...
# Subtest: commerce configuration preserves organization
ok 179 - commerce configuration preserves organization
  ---
  duration_ms: 5.309708
  type: 'test'
  ...
# Subtest: commerce configuration preserves null publishable key
ok 180 - commerce configuration preserves null publishable key
  ---
  duration_ms: 6.941042
  type: 'test'
  ...
# Subtest: commerce configuration preserves future field
ok 181 - commerce configuration preserves future field
  ---
  duration_ms: 5.629166
  type: 'test'
  ...
# (node:40840) [MODULE_TYPELESS_PACKAGE_JSON] Warning: Module type of file:///Users/mikepitre/Documents/Codex/2026-09-08/i/work/trees/javascript/packages/clerk-js/src/test/fixtures.ts is not specified and it doesn't parse as CommonJS.
# Reparsing as ES module because module syntax was detected. This incurs a performance overhead.
# To eliminate this warning, add "type": "module" to /Users/mikepitre/Documents/Codex/2026-09-08/i/work/trees/javascript/packages/clerk-js/package.json.
# (Use `node --trace-warnings ...` to show where the warning was created)
# Subtest: authentication failure preserves HTTP 422, trace and retry metadata
ok 182 - authentication failure preserves HTTP 422, trace and retry metadata
  ---
  duration_ms: 59.684375
  type: 'test'
  ...
# Subtest: authentication failure preserves HTTP 429, trace and retry metadata
ok 183 - authentication failure preserves HTTP 429, trace and retry metadata
  ---
  duration_ms: 21.361625
  type: 'test'
  ...
# (node:40841) [MODULE_TYPELESS_PACKAGE_JSON] Warning: Module type of file:///Users/mikepitre/Documents/Codex/2026-09-08/i/work/trees/javascript/packages/clerk-js/src/test/fixtures.ts is not specified and it doesn't parse as CommonJS.
# Reparsing as ES module because module syntax was detected. This incurs a performance overhead.
# To eliminate this warning, add "type": "module" to /Users/mikepitre/Documents/Codex/2026-09-08/i/work/trees/javascript/packages/clerk-js/package.json.
# (Use `node --trace-warnings ...` to show where the warning was created)
# Subtest: native external account create completes the browser roundtrip in core
ok 184 - native external account create completes the browser roundtrip in core
  ---
  duration_ms: 35.607333
  type: 'test'
  ...
# Subtest: native external account reauthorize completes the browser roundtrip in core
ok 185 - native external account reauthorize completes the browser roundtrip in core
  ---
  duration_ms: 12.0175
  type: 'test'
  ...
# Subtest: native external account recreate completes the browser roundtrip in core
ok 186 - native external account recreate completes the browser roundtrip in core
  ---
  duration_ms: 8.694375
  type: 'test'
  ...
# Subtest: native Apple account linking uses an identity token and refreshes the canonical user
ok 187 - native Apple account linking uses an identity token and refreshes the canonical user
  ---
  duration_ms: 8.268625
  type: 'test'
  ...
# Subtest: native Apple account linking preserves a supplied token without requesting another identity
ok 188 - native Apple account linking preserves a supplied token without requesting another identity
  ---
  duration_ms: 33.439958
  type: 'test'
  ...
# Subtest: external account cancel does not reconcile an unverified callback
ok 189 - external account cancel does not reconcile an unverified callback
  ---
  duration_ms: 6.948958
  type: 'test'
  ...
# Subtest: external account mismatch does not reconcile an unverified callback
ok 190 - external account mismatch does not reconcile an unverified callback
  ---
  duration_ms: 6.284083
  type: 'test'
  ...
# Subtest: sign-out cancels pending account authorization and ignores a late callback
ok 191 - sign-out cancels pending account authorization and ignores a late callback
  ---
  duration_ms: 16.130958
  type: 'test'
  ...
# Subtest: external account deletion removes the account without corrupting a held resource
ok 192 - external account deletion removes the account without corrupting a held resource
  ---
  duration_ms: 8.427334
  type: 'test'
  ...
# Subtest: external account reauthorization preserves multiple scopes and omits an absent OIDC prompt
ok 193 - external account reauthorization preserves multiple scopes and omits an absent OIDC prompt
  ---
  duration_ms: 12.508875
  type: 'test'
  ...
# (node:40842) [MODULE_TYPELESS_PACKAGE_JSON] Warning: Module type of file:///Users/mikepitre/Documents/Codex/2026-09-08/i/work/trees/javascript/packages/clerk-js/src/test/fixtures.ts is not specified and it doesn't parse as CommonJS.
# Reparsing as ES module because module syntax was detected. This incurs a performance overhead.
# To eliminate this warning, add "type": "module" to /Users/mikepitre/Documents/Codex/2026-09-08/i/work/trees/javascript/packages/clerk-js/package.json.
# (Use `node --trace-warnings ...` to show where the warning was created)
# Subtest: foreground recovery does not invalidate an in-flight OAuth callback redemption
ok 194 - foreground recovery does not invalidate an in-flight OAuth callback redemption
  ---
  duration_ms: 70.992083
  type: 'test'
  ...
# Subtest: queued foreground recovery respects failure while a resource call settles
ok 195 - queued foreground recovery respects failure while a resource call settles
  ---
  duration_ms: 70.733917
  type: 'test'
  ...
# Subtest: queued foreground recovery respects cancelled while a resource call settles
ok 196 - queued foreground recovery respects cancelled while a resource call settles
  ---
  duration_ms: 71.098209
  type: 'test'
  ...
# Subtest: queued foreground recovery respects background while a resource call settles
ok 197 - queued foreground recovery respects background while a resource call settles
  ---
  duration_ms: 111.651
  type: 'test'
  ...
# Subtest: queued foreground recovery respects offline while a resource call settles
ok 198 - queued foreground recovery respects offline while a resource call settles
  ---
  duration_ms: 106.505917
  type: 'test'
  ...
# Subtest: queued foreground recovery respects disposed while a resource call settles
ok 199 - queued foreground recovery respects disposed while a resource call settles
  ---
  duration_ms: 79.294791
  type: 'test'
  ...
# (node:40843) [MODULE_TYPELESS_PACKAGE_JSON] Warning: Module type of file:///Users/mikepitre/Documents/Codex/2026-09-08/i/work/trees/javascript/packages/clerk-js/src/test/fixtures.ts is not specified and it doesn't parse as CommonJS.
# Reparsing as ES module because module syntax was detected. This incurs a performance overhead.
# To eliminate this warning, add "type": "module" to /Users/mikepitre/Documents/Codex/2026-09-08/i/work/trees/javascript/packages/clerk-js/package.json.
# (Use `node --trace-warnings ...` to show where the warning was created)
# Subtest: client replacement retires the previous completed authentication attempt
ok 200 - client replacement retires the previous completed authentication attempt
  ---
  duration_ms: 62.235917
  type: 'test'
  ...
# Subtest: sign-out retires the previous completed authentication attempt
ok 201 - sign-out retires the previous completed authentication attempt
  ---
  duration_ms: 9.939625
  type: 'test'
  ...
# Subtest: a queued token-only response preserves the newly accepted client
ok 202 - a queued token-only response preserves the newly accepted client
  ---
  duration_ms: 9.923542
  type: 'test'
  ...
# Subtest: completed signIn survives an ordinary refresh before finalization: cleared=false
ok 203 - completed signIn survives an ordinary refresh before finalization: cleared=false
  ---
  duration_ms: 22.000042
  type: 'test'
  ...
# Subtest: completed signIn survives an ordinary refresh before finalization: cleared=true
ok 204 - completed signIn survives an ordinary refresh before finalization: cleared=true
  ---
  duration_ms: 17.609667
  type: 'test'
  ...
# Subtest: completed signUp survives an ordinary refresh before finalization: cleared=false
ok 205 - completed signUp survives an ordinary refresh before finalization: cleared=false
  ---
  duration_ms: 22.890625
  type: 'test'
  ...
# Subtest: completed signUp survives an ordinary refresh before finalization: cleared=true
ok 206 - completed signUp survives an ordinary refresh before finalization: cleared=true
  ---
  duration_ms: 26.583833
  type: 'test'
  ...
# (node:40844) [MODULE_TYPELESS_PACKAGE_JSON] Warning: Module type of file:///Users/mikepitre/Documents/Codex/2026-09-08/i/work/trees/javascript/packages/clerk-js/src/test/fixtures.ts is not specified and it doesn't parse as CommonJS.
# Reparsing as ES module because module syntax was detected. This incurs a performance overhead.
# To eliminate this warning, add "type": "module" to /Users/mikepitre/Documents/Codex/2026-09-08/i/work/trees/javascript/packages/clerk-js/package.json.
# (Use `node --trace-warnings ...` to show where the warning was created)
# Subtest: embedded authentication uses host locale fr-CA
ok 207 - embedded authentication uses host locale fr-CA
  ---
  duration_ms: 41.189
  type: 'test'
  ...
# Subtest: embedded authentication uses host locale ja-JP
ok 208 - embedded authentication uses host locale ja-JP
  ---
  duration_ms: 15.323083
  type: 'test'
  ...
# Subtest: embedded authentication uses host locale (absent)
ok 209 - embedded authentication uses host locale (absent)
  ---
  duration_ms: 13.6685
  type: 'test'
  ...
# (node:40845) [MODULE_TYPELESS_PACKAGE_JSON] Warning: Module type of file:///Users/mikepitre/Documents/Codex/2026-09-08/i/work/trees/javascript/packages/clerk-js/src/test/fixtures.ts is not specified and it doesn't parse as CommonJS.
# Reparsing as ES module because module syntax was detected. This incurs a performance overhead.
# To eliminate this warning, add "type": "module" to /Users/mikepitre/Documents/Codex/2026-09-08/i/work/trees/javascript/packages/clerk-js/package.json.
# (Use `node --trace-warnings ...` to show where the warning was created)
# Subtest: signIn email-link storage failure preserves the persistence-before-request boundary
ok 210 - signIn email-link storage failure preserves the persistence-before-request boundary
  ---
  duration_ms: 57.382584
  type: 'test'
  ...
# Subtest: signIn email-link prepare failure preserves the persistence-before-request boundary
ok 211 - signIn email-link prepare failure preserves the persistence-before-request boundary
  ---
  duration_ms: 7.961792
  type: 'test'
  ...
# Subtest: signUp email-link storage failure preserves the persistence-before-request boundary
ok 212 - signUp email-link storage failure preserves the persistence-before-request boundary
  ---
  duration_ms: 16.55225
  type: 'test'
  ...
# Subtest: signUp email-link prepare failure preserves the persistence-before-request boundary
ok 213 - signUp email-link prepare failure preserves the persistence-before-request boundary
  ---
  duration_ms: 11.246166
  type: 'test'
  ...
# Subtest: native signIn email link stores PKCE and returns the canonical resource without activation
ok 214 - native signIn email link stores PKCE and returns the canonical resource without activation
  ---
  duration_ms: 13.522834
  type: 'test'
  ...
# Subtest: native signUp email link stores PKCE and returns the canonical resource without activation
ok 215 - native signUp email link stores PKCE and returns the canonical resource without activation
  ---
  duration_ms: 20.423
  type: 'test'
  ...
# Subtest: email-link callbacks survive restart and reject a different route or flow before HTTP
ok 216 - email-link callbacks survive restart and reject a different route or flow before HTTP
  ---
  duration_ms: 17.608083
  type: 'test'
  ...
# Subtest: concurrent callbacks share one completion request
ok 217 - concurrent callbacks share one completion request
  ---
  duration_ms: 12.197958
  type: 'test'
  ...
# Subtest: email link approval_token_expired clears its saved verifier
ok 218 - email link approval_token_expired clears its saved verifier
  ---
  duration_ms: 10.052208
  type: 'test'
  ...
# Subtest: email link temporarily_unavailable preserves its saved verifier
ok 219 - email link temporarily_unavailable preserves its saved verifier
  ---
  duration_ms: 10.041792
  type: 'test'
  ...
# Subtest: reset during a secure-storage write clears the eventual record and does not prepare the factor
ok 220 - reset during a secure-storage write clears the eventual record and does not prepare the factor
  ---
  duration_ms: 9.553208
  type: 'test'
  ...
# Subtest: imports a saved ios email-link record through the same source validation
ok 221 - imports a saved ios email-link record through the same source validation
  ---
  duration_ms: 6.532333
  type: 'test'
  ...
# Subtest: imports a saved android email-link record through the same source validation
ok 222 - imports a saved android email-link record through the same source validation
  ---
  duration_ms: 13.682833
  type: 'test'
  ...
# Subtest: expired email-link records are removed before any completion request
ok 223 - expired email-link records are removed before any completion request
  ---
  duration_ms: 6.607041
  type: 'test'
  ...
# Subtest: reset fences a delayed completion response and its credential write
ok 224 - reset fences a delayed completion response and its credential write
  ---
  duration_ms: 9.073708
  type: 'test'
  ...
# Subtest: preserves the previous native email-link route form clerk-test://sso-callback\#flow_id=sia_native&approval_token=fixture_approval
ok 225 - preserves the previous native email-link route form clerk-test://sso-callback\#flow_id=sia_native&approval_token=fixture_approval
  ---
  duration_ms: 9.14175
  type: 'test'
  ...
# Subtest: preserves the previous native email-link route form clerk-test://sso-callback/?flow_id=sia_native&approval_token=fixture_approval
ok 226 - preserves the previous native email-link route form clerk-test://sso-callback/?flow_id=sia_native&approval_token=fixture_approval
  ---
  duration_ms: 39.137459
  type: 'test'
  ...
# Subtest: preserves the previous native email-link route form CLERK-TEST://SSO-CALLBACK/\#flow_id=sia_native&approval_token=fixture_approval
ok 227 - preserves the previous native email-link route form CLERK-TEST://SSO-CALLBACK/\#flow_id=sia_native&approval_token=fixture_approval
  ---
  duration_ms: 34.3805
  type: 'test'
  ...
# Subtest: email-link route mismatches and incomplete callbacks do not consume stored credentials
ok 228 - email-link route mismatches and incomplete callbacks do not consume stored credentials
  ---
  duration_ms: 27.986583
  type: 'test'
  ...
# Subtest: email-link query values take precedence over fragment values
ok 229 - email-link query values take precedence over fragment values
  ---
  duration_ms: 7.401625
  type: 'test'
  ...
# Subtest: invalid Android email-link state is discarded before redemption: "UNSUPPORTED"
ok 230 - invalid Android email-link state is discarded before redemption: "UNSUPPORTED"
  ---
  duration_ms: 13.122917
  type: 'test'
  ...
# Subtest: invalid Android email-link state is discarded before redemption: ""
ok 231 - invalid Android email-link state is discarded before redemption: ""
  ---
  duration_ms: 21.824875
  type: 'test'
  ...
# Subtest: invalid Android email-link state is discarded before redemption: null
ok 232 - invalid Android email-link state is discarded before redemption: null
  ---
  duration_ms: 11.336791
  type: 'test'
  ...
# Subtest: invalid Android email-link state is discarded before redemption: 7
ok 233 - invalid Android email-link state is discarded before redemption: 7
  ---
  duration_ms: 23.0335
  type: 'test'
  ...
# Subtest: legacy iOS absent email-link kind remains a sign-in record: undefined
ok 234 - legacy iOS absent email-link kind remains a sign-in record: undefined
  ---
  duration_ms: 10.083
  type: 'test'
  ...
# Subtest: legacy iOS absent email-link kind remains a sign-in record: null
ok 235 - legacy iOS absent email-link kind remains a sign-in record: null
  ---
  duration_ms: 9.971167
  type: 'test'
  ...
# Subtest: incomplete signIn email-link completion publishes remaining requirements without activation
ok 236 - incomplete signIn email-link completion publishes remaining requirements without activation
  ---
  duration_ms: 9.011
  type: 'test'
  ...
# Subtest: incomplete signUp email-link completion publishes remaining requirements without activation
ok 237 - incomplete signUp email-link completion publishes remaining requirements without activation
  ---
  duration_ms: 8.318292
  type: 'test'
  ...
# Subtest: sign-up email-link rejects ticket completion and consumes its verifier
ok 238 - sign-up email-link rejects ticket completion and consumes its verifier
  ---
  duration_ms: 10.237416
  type: 'test'
  ...
# Subtest: sign-up email-link rejects wrong-signup completion and consumes its verifier
ok 239 - sign-up email-link rejects wrong-signup completion and consumes its verifier
  ---
  duration_ms: 30.116
  type: 'test'
  ...
# Subtest: sign-up email-link rejects null completion and consumes its verifier
ok 240 - sign-up email-link rejects null completion and consumes its verifier
  ---
  duration_ms: 16.761667
  type: 'test'
  ...
# Subtest: starting a newer email link fences an old completion and preserves the new verifier
ok 241 - starting a newer email link fences an old completion and preserves the new verifier
  ---
  duration_ms: 16.219584
  type: 'test'
  ...
# Subtest: email-link error approval_token_consumed/422 preserves the canonical cleanup policy
ok 242 - email-link error approval_token_consumed/422 preserves the canonical cleanup policy
  ---
  duration_ms: 9.6565
  type: 'test'
  ...
# Subtest: email-link error approval_token_invalid/422 preserves the canonical cleanup policy
ok 243 - email-link error approval_token_invalid/422 preserves the canonical cleanup policy
  ---
  duration_ms: 13.548291
  type: 'test'
  ...
# Subtest: email-link error pkce_verification_failed/422 preserves the canonical cleanup policy
ok 244 - email-link error pkce_verification_failed/422 preserves the canonical cleanup policy
  ---
  duration_ms: 25.858333
  type: 'test'
  ...
# Subtest: email-link error flow_not_approved/422 preserves the canonical cleanup policy
ok 245 - email-link error flow_not_approved/422 preserves the canonical cleanup policy
  ---
  duration_ms: 34.6075
  type: 'test'
  ...
# Subtest: email-link error form_param_value_invalid/flow_id preserves the canonical cleanup policy
ok 246 - email-link error form_param_value_invalid/flow_id preserves the canonical cleanup policy
  ---
  duration_ms: 9.30375
  type: 'test'
  ...
# Subtest: email-link error form_param_value_invalid/identifier preserves the canonical cleanup policy
ok 247 - email-link error form_param_value_invalid/identifier preserves the canonical cleanup policy
  ---
  duration_ms: 44.652166
  type: 'test'
  ...
# Subtest: email-link error server_error/500 preserves the canonical cleanup policy
ok 248 - email-link error server_error/500 preserves the canonical cleanup policy
  ---
  duration_ms: 10.007834
  type: 'test'
  ...
# Subtest: email-link error too_many_requests/429 preserves the canonical cleanup policy
ok 249 - email-link error too_many_requests/429 preserves the canonical cleanup policy
  ---
  duration_ms: 8.034208
  type: 'test'
  ...
# (node:40846) [MODULE_TYPELESS_PACKAGE_JSON] Warning: Module type of file:///Users/mikepitre/Documents/Codex/2026-09-08/i/work/trees/javascript/packages/clerk-js/src/utils/passkeyFailureStage.ts is not specified and it doesn't parse as CommonJS.
# Reparsing as ES module because module syntax was detected. This incurs a performance overhead.
# To eliminate this warning, add "type": "module" to /Users/mikepitre/Documents/Codex/2026-09-08/i/work/trees/javascript/packages/clerk-js/package.json.
# (Use `node --trace-warnings ...` to show where the warning was created)
# Subtest: mapped record inputs validate required keys and declared custom key patterns
ok 250 - mapped record inputs validate required keys and declared custom key patterns
  ---
  duration_ms: 1.191458
  type: 'test'
  ...
# Subtest: mapped record outputs preserve new server keys while checking their values
ok 251 - mapped record outputs preserve new server keys while checking their values
  ---
  duration_ms: 0.08975
  type: 'test'
  ...
# (node:40847) [MODULE_TYPELESS_PACKAGE_JSON] Warning: Module type of file:///Users/mikepitre/Documents/Codex/2026-09-08/i/work/trees/javascript/packages/clerk-js/src/test/fixtures.ts is not specified and it doesn't parse as CommonJS.
# Reparsing as ES module because module syntax was detected. This incurs a performance overhead.
# To eliminate this warning, add "type": "module" to /Users/mikepitre/Documents/Codex/2026-09-08/i/work/trees/javascript/packages/clerk-js/package.json.
# (Use `node --trace-warnings ...` to show where the warning was created)
# Subtest: shared Google credential flow: existing
ok 252 - shared Google credential flow: existing
  ---
  duration_ms: 28.381542
  type: 'test'
  ...
# Subtest: shared Google credential flow: new
ok 253 - shared Google credential flow: new
  ---
  duration_ms: 9.942125
  type: 'test'
  ...
# Subtest: shared Google credential flow: sign-in-only
ok 254 - shared Google credential flow: sign-in-only
  ---
  duration_ms: 8.178
  type: 'test'
  ...
# Subtest: shared Google credential flow: rejected
ok 255 - shared Google credential flow: rejected
  ---
  duration_ms: 9.44175
  type: 'test'
  ...
# Subtest: shared Google credential flow: empty-picker
ok 256 - shared Google credential flow: empty-picker
  ---
  duration_ms: 16.912542
  type: 'test'
  ...
# Subtest: shared Google credential flow: cancelled
ok 257 - shared Google credential flow: cancelled
  ---
  duration_ms: 21.389833
  type: 'test'
  ...
# Subtest: identifier screen signIn, missing=true
ok 258 - identifier screen signIn, missing=true
  ---
  duration_ms: 7.517666
  type: 'test'
  ...
# Subtest: identifier screen signIn, missing=false
ok 259 - identifier screen signIn, missing=false
  ---
  duration_ms: 9.113042
  type: 'test'
  ...
# Subtest: identifier screen signUp, missing=true
ok 260 - identifier screen signUp, missing=true
  ---
  duration_ms: 9.852792
  type: 'test'
  ...
# Subtest: identifier screen signUp, missing=false
ok 261 - identifier screen signUp, missing=false
  ---
  duration_ms: 8.328334
  type: 'test'
  ...
# Subtest: identifier screen signInOrUp, missing=true
ok 262 - identifier screen signInOrUp, missing=true
  ---
  duration_ms: 13.989125
  type: 'test'
  ...
# Subtest: identifier screen signInOrUp, missing=false
ok 263 - identifier screen signInOrUp, missing=false
  ---
  duration_ms: 10.42225
  type: 'test'
  ...
# Subtest: reset cancels the Google picker before a late token can authenticate
ok 264 - reset cancels the Google picker before a late token can authenticate
  ---
  duration_ms: 17.824916
  type: 'test'
  ...
# (node:40848) [MODULE_TYPELESS_PACKAGE_JSON] Warning: Module type of file:///Users/mikepitre/Documents/Codex/2026-09-08/i/work/trees/javascript/packages/clerk-js/src/test/fixtures.ts is not specified and it doesn't parse as CommonJS.
# Reparsing as ES module because module syntax was detected. This incurs a performance overhead.
# To eliminate this warning, add "type": "module" to /Users/mikepitre/Documents/Codex/2026-09-08/i/work/trees/javascript/packages/clerk-js/package.json.
# (Use `node --trace-warnings ...` to show where the warning was created)
# Subtest: prebuilt Apple SSO preserves terminal errors and restriction boundaries: waitlist-existing
ok 265 - prebuilt Apple SSO preserves terminal errors and restriction boundaries: waitlist-existing
  ---
  duration_ms: 47.0875
  type: 'test'
  ...
# Subtest: prebuilt Apple SSO preserves terminal errors and restriction boundaries: waitlist-new
ok 266 - prebuilt Apple SSO preserves terminal errors and restriction boundaries: waitlist-new
  ---
  duration_ms: 13.410792
  type: 'test'
  ...
# Subtest: prebuilt Apple SSO preserves terminal errors and restriction boundaries: transfer-verification-error
ok 267 - prebuilt Apple SSO preserves terminal errors and restriction boundaries: transfer-verification-error
  ---
  duration_ms: 11.904292
  type: 'test'
  ...
# Subtest: prebuilt Apple SSO preserves terminal errors and restriction boundaries: transfer-request-error
ok 268 - prebuilt Apple SSO preserves terminal errors and restriction boundaries: transfer-request-error
  ---
  duration_ms: 12.393959
  type: 'test'
  ...
# Subtest: prebuilt Apple SSO preserves terminal errors and restriction boundaries: unrelated-signup-error
ok 269 - prebuilt Apple SSO preserves terminal errors and restriction boundaries: unrelated-signup-error
  ---
  duration_ms: 18.7115
  type: 'test'
  ...
# Subtest: prebuilt Apple SSO preserves terminal errors and restriction boundaries: signup-only-restricted
ok 270 - prebuilt Apple SSO preserves terminal errors and restriction boundaries: signup-only-restricted
  ---
  duration_ms: 9.324166
  type: 'test'
  ...
# Subtest: prebuilt Apple SSO preserves one credential and explicit finalize: new-user
ok 271 - prebuilt Apple SSO preserves one credential and explicit finalize: new-user
  ---
  duration_ms: 7.913
  type: 'test'
  ...
# Subtest: prebuilt Apple SSO preserves one credential and explicit finalize: existing-user
ok 272 - prebuilt Apple SSO preserves one credential and explicit finalize: existing-user
  ---
  duration_ms: 13.056292
  type: 'test'
  ...
# Subtest: prebuilt Apple SSO preserves one credential and explicit finalize: restricted-existing
ok 273 - prebuilt Apple SSO preserves one credential and explicit finalize: restricted-existing
  ---
  duration_ms: 10.773709
  type: 'test'
  ...
# Subtest: prebuilt Apple SSO preserves one credential and explicit finalize: restricted-new
ok 274 - prebuilt Apple SSO preserves one credential and explicit finalize: restricted-new
  ---
  duration_ms: 9.53875
  type: 'test'
  ...
# Subtest: prebuilt Apple SSO preserves one credential and explicit finalize: sign-in-only
ok 275 - prebuilt Apple SSO preserves one credential and explicit finalize: sign-in-only
  ---
  duration_ms: 13.500083
  type: 'test'
  ...
# Subtest: prebuilt OAuth completes the future SSO browser roundtrip before optional transfer: true
ok 276 - prebuilt OAuth completes the future SSO browser roundtrip before optional transfer: true
  ---
  duration_ms: 13.10275
  type: 'test'
  ...
# Subtest: prebuilt OAuth completes the future SSO browser roundtrip before optional transfer: false
ok 277 - prebuilt OAuth completes the future SSO browser roundtrip before optional transfer: false
  ---
  duration_ms: 7.873625
  type: 'test'
  ...
# Subtest: reset cancels a prebuilt Apple prompt without beginning authentication
ok 278 - reset cancels a prebuilt Apple prompt without beginning authentication
  ---
  duration_ms: 29.706958
  type: 'test'
  ...
# (node:40849) [MODULE_TYPELESS_PACKAGE_JSON] Warning: Module type of file:///Users/mikepitre/Documents/Codex/2026-09-08/i/work/trees/javascript/packages/clerk-js/src/test/fixtures.ts is not specified and it doesn't parse as CommonJS.
# Reparsing as ES module because module syntax was detected. This incurs a performance overhead.
# To eliminate this warning, add "type": "module" to /Users/mikepitre/Documents/Codex/2026-09-08/i/work/trees/javascript/packages/clerk-js/package.json.
# (Use `node --trace-warnings ...` to show where the warning was created)
# Subtest: a generated GET recovers from a transient network failure
ok 279 - a generated GET recovers from a transient network failure
  ---
  duration_ms: 162.29375
  type: 'test'
  ...
# Subtest: a generated authentication mutation does not replay after a lost response
ok 280 - a generated authentication mutation does not replay after a lost response
  ---
  duration_ms: 25.192042
  type: 'test'
  ...
# Subtest: a persistent GET network failure stops at the core retry limit
ok 281 - a persistent GET network failure stops at the core retry limit
  ---
  duration_ms: 13.894834
  type: 'test'
  ...
# Subtest: a generated GET surfaces HTTP 400 without transport replay
ok 282 - a generated GET surfaces HTTP 400 without transport replay
  ---
  duration_ms: 9.6295
  type: 'test'
  ...
# Subtest: a generated GET surfaces HTTP 403 without transport replay
ok 283 - a generated GET surfaces HTTP 403 without transport replay
  ---
  duration_ms: 11.835667
  type: 'test'
  ...
# Subtest: a generated GET surfaces HTTP 404 without transport replay
ok 284 - a generated GET surfaces HTTP 404 without transport replay
  ---
  duration_ms: 12.562209
  type: 'test'
  ...
# Subtest: a generated GET surfaces HTTP 408 without transport replay
ok 285 - a generated GET surfaces HTTP 408 without transport replay
  ---
  duration_ms: 7.719167
  type: 'test'
  ...
# Subtest: a generated GET surfaces HTTP 422 without transport replay
ok 286 - a generated GET surfaces HTTP 422 without transport replay
  ---
  duration_ms: 20.426875
  type: 'test'
  ...
# Subtest: a generated GET surfaces HTTP 425 without transport replay
ok 287 - a generated GET surfaces HTTP 425 without transport replay
  ---
  duration_ms: 7.285459
  type: 'test'
  ...
# Subtest: a generated GET surfaces HTTP 429 without transport replay
ok 288 - a generated GET surfaces HTTP 429 without transport replay
  ---
  duration_ms: 14.019959
  type: 'test'
  ...
# Subtest: a generated GET surfaces HTTP 500 without transport replay
ok 289 - a generated GET surfaces HTTP 500 without transport replay
  ---
  duration_ms: 8.743167
  type: 'test'
  ...
# Subtest: a generated GET surfaces HTTP 502 without transport replay
ok 290 - a generated GET surfaces HTTP 502 without transport replay
  ---
  duration_ms: 13.473292
  type: 'test'
  ...
# Subtest: a generated GET surfaces HTTP 503 without transport replay
ok 291 - a generated GET surfaces HTTP 503 without transport replay
  ---
  duration_ms: 7.369083
  type: 'test'
  ...
# Subtest: a generated GET surfaces HTTP 504 without transport replay
ok 292 - a generated GET surfaces HTTP 504 without transport replay
  ---
  duration_ms: 11.813542
  type: 'test'
  ...
# Subtest: an unauthorized client refresh does not recursively refresh the client
ok 293 - an unauthorized client refresh does not recursively refresh the client
  ---
  duration_ms: 8.491958
  type: 'test'
  ...
# Subtest: concurrent unauthorized operations finish after their independent recovery requests
ok 294 - concurrent unauthorized operations finish after their independent recovery requests
  ---
  duration_ms: 16.25325
  type: 'test'
  ...
# Subtest: a generated GET does not retry after sign-out
ok 295 - a generated GET does not retry after sign-out
  ---
  duration_ms: 37.68475
  type: 'test'
  ...
# Subtest: a generated GET does not retry after credential-rotation
ok 296 - a generated GET does not retry after credential-rotation
  ---
  duration_ms: 24.258958
  type: 'test'
  ...
# (node:40850) [MODULE_TYPELESS_PACKAGE_JSON] Warning: Module type of file:///Users/mikepitre/Documents/Codex/2026-09-08/i/work/trees/javascript/packages/clerk-js/src/test/fixtures.ts is not specified and it doesn't parse as CommonJS.
# Reparsing as ES module because module syntax was detected. This incurs a performance overhead.
# To eliminate this warning, add "type": "module" to /Users/mikepitre/Documents/Codex/2026-09-08/i/work/trees/javascript/packages/clerk-js/package.json.
# (Use `node --trace-warnings ...` to show where the warning was created)
# Subtest: generated organization defaults accept no form
ok 297 - generated organization defaults accept no form
  ---
  duration_ms: 27.787709
  type: 'test'
  ...
# Subtest: generated organization defaults accept missing advisory severity
ok 298 - generated organization defaults accept missing advisory severity
  ---
  duration_ms: 13.88925
  type: 'test'
  ...
# Subtest: generated organization defaults accept missing slug
ok 299 - generated organization defaults accept missing slug
  ---
  duration_ms: 7.938834
  type: 'test'
  ...
# (node:40851) [MODULE_TYPELESS_PACKAGE_JSON] Warning: Module type of file:///Users/mikepitre/Documents/Codex/2026-09-08/i/work/trees/javascript/packages/clerk-js/src/test/fixtures.ts is not specified and it doesn't parse as CommonJS.
# Reparsing as ES module because module syntax was detected. This incurs a performance overhead.
# To eliminate this warning, add "type": "module" to /Users/mikepitre/Documents/Codex/2026-09-08/i/work/trees/javascript/packages/clerk-js/package.json.
# (Use `node --trace-warnings ...` to show where the warning was created)
# Subtest: organization invitations preserve projected data with present image and slug
ok 300 - organization invitations preserve projected data with present image and slug
  ---
  duration_ms: 31.373709
  type: 'test'
  ...
# Subtest: organization invitations preserve projected data with null image and slug
ok 301 - organization invitations preserve projected data with null image and slug
  ---
  duration_ms: 9.916958
  type: 'test'
  ...
# Subtest: organization invitations preserve projected data with omitted image and slug
ok 302 - organization invitations preserve projected data with omitted image and slug
  ---
  duration_ms: 9.475125
  type: 'test'
  ...
# Subtest: organization invitations preserve projected data with null image and omitted slug
ok 303 - organization invitations preserve projected data with null image and omitted slug
  ---
  duration_ms: 12.527708
  type: 'test'
  ...
# Subtest: organization suggestions preserve projected data with present image and slug
ok 304 - organization suggestions preserve projected data with present image and slug
  ---
  duration_ms: 17.205417
  type: 'test'
  ...
# Subtest: organization suggestions preserve projected data with null image and slug
ok 305 - organization suggestions preserve projected data with null image and slug
  ---
  duration_ms: 14.05575
  type: 'test'
  ...
# Subtest: organization suggestions preserve projected data with omitted image and slug
ok 306 - organization suggestions preserve projected data with omitted image and slug
  ---
  duration_ms: 9.013209
  type: 'test'
  ...
# Subtest: organization suggestions preserve projected data with null image and omitted slug
ok 307 - organization suggestions preserve projected data with null image and omitted slug
  ---
  duration_ms: 12.786084
  type: 'test'
  ...
# (node:40852) [MODULE_TYPELESS_PACKAGE_JSON] Warning: Module type of file:///Users/mikepitre/Documents/Codex/2026-09-08/i/work/trees/javascript/packages/clerk-js/src/test/fixtures.ts is not specified and it doesn't parse as CommonJS.
# Reparsing as ES module because module syntax was detected. This incurs a performance overhead.
# To eliminate this warning, add "type": "module" to /Users/mikepitre/Documents/Codex/2026-09-08/i/work/trees/javascript/packages/clerk-js/package.json.
# (Use `node --trace-warnings ...` to show where the warning was created)
# Subtest: generated organization getRoles preserves filters {}
ok 308 - generated organization getRoles preserves filters {}
  ---
  duration_ms: 33.130042
  type: 'test'
  ...
# Subtest: generated organization getMemberships preserves filters {"paginated":["true"]}
ok 309 - generated organization getMemberships preserves filters {"paginated":["true"]}
  ---
  duration_ms: 6.911334
  type: 'test'
  ...
# Subtest: generated organization getMemberships preserves filters {"query":["test"],"paginated":["true"]}
ok 310 - generated organization getMemberships preserves filters {"query":["test"],"paginated":["true"]}
  ---
  duration_ms: 11.040125
  type: 'test'
  ...
# Subtest: generated organization getMemberships preserves filters {"role":["org:admin","org:member"],"paginated":["true"]}
ok 311 - generated organization getMemberships preserves filters {"role":["org:admin","org:member"],"paginated":["true"]}
  ---
  duration_ms: 13.08325
  type: 'test'
  ...
# Subtest: generated organization getInvitations preserves filters {"status":[]}
ok 312 - generated organization getInvitations preserves filters {"status":[]}
  ---
  duration_ms: 11.589667
  type: 'test'
  ...
# Subtest: generated organization getInvitations preserves filters {"status":["pending"]}
ok 313 - generated organization getInvitations preserves filters {"status":["pending"]}
  ---
  duration_ms: 8.276083
  type: 'test'
  ...
# Subtest: generated organization getInvitations preserves filters {"status":["pending","accepted"]}
ok 314 - generated organization getInvitations preserves filters {"status":["pending","accepted"]}
  ---
  duration_ms: 7.143791
  type: 'test'
  ...
# Subtest: generated organization getDomains preserves filters {}
ok 315 - generated organization getDomains preserves filters {}
  ---
  duration_ms: 12.041041
  type: 'test'
  ...
# Subtest: generated organization getDomains preserves filters {"enrollment_mode":["automatic_invitation"]}
ok 316 - generated organization getDomains preserves filters {"enrollment_mode":["automatic_invitation"]}
  ---
  duration_ms: 11.299333
  type: 'test'
  ...
# Subtest: generated organization getDomains preserves filters {"enrollment_mode":["automatic_suggestion"]}
ok 317 - generated organization getDomains preserves filters {"enrollment_mode":["automatic_suggestion"]}
  ---
  duration_ms: 8.03175
  type: 'test'
  ...
# Subtest: generated organization getMembershipRequests preserves filters {}
ok 318 - generated organization getMembershipRequests preserves filters {}
  ---
  duration_ms: 13.194959
  type: 'test'
  ...
# Subtest: generated organization getMembershipRequests preserves filters {"status":["pending"]}
ok 319 - generated organization getMembershipRequests preserves filters {"status":["pending"]}
  ---
  duration_ms: 13.586417
  type: 'test'
  ...
# Subtest: generated logo removal returns a usable organization: receipt
ok 320 - generated logo removal returns a usable organization: receipt
  ---
  duration_ms: 13.155083
  type: 'test'
  ...
# Subtest: generated logo removal returns a usable organization: resource
ok 321 - generated logo removal returns a usable organization: resource
  ---
  duration_ms: 9.202667
  type: 'test'
  ...
# Subtest: generated logo removal returns a usable organization: rejected
ok 322 - generated logo removal returns a usable organization: rejected
  ---
  duration_ms: 9.232583
  type: 'test'
  ...
# Subtest: a separately fetched organization does not alias an older active root
ok 323 - a separately fetched organization does not alias an older active root
  ---
  duration_ms: 9.635417
  type: 'test'
  ...
# Subtest: organization enrollment modes preserve future output values but reject unknown query input
ok 324 - organization enrollment modes preserve future output values but reject unknown query input
  ---
  duration_ms: 28.093333
  type: 'test'
  ...
# Subtest: generated Organization.update preserves its request and result [{"name":"Renamed"}]
ok 325 - generated Organization.update preserves its request and result [{"name":"Renamed"}]
  ---
  duration_ms: 27.977875
  type: 'test'
  ...
# Subtest: generated Organization.update preserves its request and result [{"name":"Renamed","slug":"new-slug"}]
ok 326 - generated Organization.update preserves its request and result [{"name":"Renamed","slug":"new-slug"}]
  ---
  duration_ms: 6.872875
  type: 'test'
  ...
# Subtest: generated Organization.destroy preserves its request and result []
ok 327 - generated Organization.destroy preserves its request and result []
  ---
  duration_ms: 6.95
  type: 'test'
  ...
# Subtest: generated Clerk.createOrganization preserves its request and result [{"name":"New organization"}]
ok 328 - generated Clerk.createOrganization preserves its request and result [{"name":"New organization"}]
  ---
  duration_ms: 7.460958
  type: 'test'
  ...
# Subtest: generated Clerk.createOrganization preserves its request and result [{"name":"New organization","slug":"new-slug"}]
ok 329 - generated Clerk.createOrganization preserves its request and result [{"name":"New organization","slug":"new-slug"}]
  ---
  duration_ms: 6.241375
  type: 'test'
  ...
# Subtest: generated Organization.addMember preserves its request and result [{"userId":"user_123","role":"org:member"}]
ok 330 - generated Organization.addMember preserves its request and result [{"userId":"user_123","role":"org:member"}]
  ---
  duration_ms: 43.186208
  type: 'test'
  ...
# Subtest: generated Organization.updateMember preserves its request and result [{"userId":"user_123","role":"org:admin"}]
ok 331 - generated Organization.updateMember preserves its request and result [{"userId":"user_123","role":"org:admin"}]
  ---
  duration_ms: 15.762292
  type: 'test'
  ...
# Subtest: generated Organization.removeMember preserves its request and result ["user_123"]
ok 332 - generated Organization.removeMember preserves its request and result ["user_123"]
  ---
  duration_ms: 6.413167
  type: 'test'
  ...
# Subtest: generated Organization.inviteMember preserves its request and result [{"emailAddress":"invitee@example.com","role":"org:member"}]
ok 333 - generated Organization.inviteMember preserves its request and result [{"emailAddress":"invitee@example.com","role":"org:member"}]
  ---
  duration_ms: 12.589334
  type: 'test'
  ...
# Subtest: generated Organization.inviteMembers preserves its request and result [{"emailAddresses":["invitee@example.com","second@example.com"],"role":"org:member"}]
ok 334 - generated Organization.inviteMembers preserves its request and result [{"emailAddresses":["invitee@example.com","second@example.com"],"role":"org:member"}]
  ---
  duration_ms: 7.407209
  type: 'test'
  ...
# Subtest: generated Organization.createDomain preserves its request and result ["example.com"]
ok 335 - generated Organization.createDomain preserves its request and result ["example.com"]
  ---
  duration_ms: 11.979125
  type: 'test'
  ...
# Subtest: generated Organization.getDomain preserves its request and result [{"domainId":"orgdom_contract"}]
ok 336 - generated Organization.getDomain preserves its request and result [{"domainId":"orgdom_contract"}]
  ---
  duration_ms: 6.513208
  type: 'test'
  ...
# Subtest: generated OrganizationDomain.prepareAffiliationVerification preserves its request and result [{"affiliationEmailAddress":"user@example.com"}]
ok 337 - generated OrganizationDomain.prepareAffiliationVerification preserves its request and result [{"affiliationEmailAddress":"user@example.com"}]
  ---
  duration_ms: 8.186
  type: 'test'
  ...
# Subtest: generated OrganizationDomain.attemptAffiliationVerification preserves its request and result [{"code":"123456"}]
ok 338 - generated OrganizationDomain.attemptAffiliationVerification preserves its request and result [{"code":"123456"}]
  ---
  duration_ms: 7.899375
  type: 'test'
  ...
# Subtest: generated OrganizationDomain.updateEnrollmentMode preserves its request and result [{"enrollmentMode":"automatic_invitation"}]
ok 339 - generated OrganizationDomain.updateEnrollmentMode preserves its request and result [{"enrollmentMode":"automatic_invitation"}]
  ---
  duration_ms: 9.594834
  type: 'test'
  ...
# Subtest: generated OrganizationDomain.updateEnrollmentMode preserves its request and result [{"enrollmentMode":"automatic_invitation","deletePending":true}]
ok 340 - generated OrganizationDomain.updateEnrollmentMode preserves its request and result [{"enrollmentMode":"automatic_invitation","deletePending":true}]
  ---
  duration_ms: 7.301792
  type: 'test'
  ...
# Subtest: generated OrganizationDomain.updateEnrollmentMode preserves its request and result [{"enrollmentMode":"automatic_invitation","deletePending":false}]
ok 341 - generated OrganizationDomain.updateEnrollmentMode preserves its request and result [{"enrollmentMode":"automatic_invitation","deletePending":false}]
  ---
  duration_ms: 7.645334
  type: 'test'
  ...
# Subtest: generated OrganizationDomain.delete preserves its request and result []
ok 342 - generated OrganizationDomain.delete preserves its request and result []
  ---
  duration_ms: 7.191083
  type: 'test'
  ...
# Subtest: generated OrganizationMembership.update preserves its request and result [{"role":"org:admin"}]
ok 343 - generated OrganizationMembership.update preserves its request and result [{"role":"org:admin"}]
  ---
  duration_ms: 19.080958
  type: 'test'
  ...
# Subtest: generated OrganizationInvitation.revoke preserves its request and result []
ok 344 - generated OrganizationInvitation.revoke preserves its request and result []
  ---
  duration_ms: 73.53
  type: 'test'
  ...
# Subtest: generated OrganizationMembershipRequest.accept preserves its request and result []
ok 345 - generated OrganizationMembershipRequest.accept preserves its request and result []
  ---
  duration_ms: 16.423125
  type: 'test'
  ...
# Subtest: generated OrganizationMembershipRequest.reject preserves its request and result []
ok 346 - generated OrganizationMembershipRequest.reject preserves its request and result []
  ---
  duration_ms: 12.090417
  type: 'test'
  ...
# Subtest: generated Organization.update preserves API error detail
ok 347 - generated Organization.update preserves API error detail
  ---
  duration_ms: 16.202625
  type: 'test'
  ...
# Subtest: generated Organization.createDomain preserves API error detail
ok 348 - generated Organization.createDomain preserves API error detail
  ---
  duration_ms: 12.662375
  type: 'test'
  ...
# Subtest: generated OrganizationDomain.prepareAffiliationVerification preserves API error detail
ok 349 - generated OrganizationDomain.prepareAffiliationVerification preserves API error detail
  ---
  duration_ms: 8.700625
  type: 'test'
  ...
# Subtest: generated OrganizationDomain.attemptAffiliationVerification preserves API error detail
ok 350 - generated OrganizationDomain.attemptAffiliationVerification preserves API error detail
  ---
  duration_ms: 11.394959
  type: 'test'
  ...
# Subtest: generated OrganizationDomain.updateEnrollmentMode preserves API error detail
ok 351 - generated OrganizationDomain.updateEnrollmentMode preserves API error detail
  ---
  duration_ms: 7.698792
  type: 'test'
  ...
# Subtest: generated OrganizationDomain.delete preserves API error detail
ok 352 - generated OrganizationDomain.delete preserves API error detail
  ---
  duration_ms: 9.729291
  type: 'test'
  ...
# Subtest: generated organization logo upload preserves binary data
ok 353 - generated organization logo upload preserves binary data
  ---
  duration_ms: 7.631417
  type: 'test'
  ...
# Subtest: generated organization logo upload preserves string data
ok 354 - generated organization logo upload preserves string data
  ---
  duration_ms: 9.31475
  type: 'test'
  ...
# (node:40853) [MODULE_TYPELESS_PACKAGE_JSON] Warning: Module type of file:///Users/mikepitre/Documents/Codex/2026-09-08/i/work/trees/javascript/packages/clerk-js/src/test/fixtures.ts is not specified and it doesn't parse as CommonJS.
# Reparsing as ES module because module syntax was detected. This incurs a performance overhead.
# To eliminate this warning, add "type": "module" to /Users/mikepitre/Documents/Codex/2026-09-08/i/work/trees/javascript/packages/clerk-js/package.json.
# (Use `node --trace-warnings ...` to show where the warning was created)
# Subtest: generated organization creation preserves name and omitted slug
ok 355 - generated organization creation preserves name and omitted slug
  ---
  duration_ms: 29.253708
  type: 'test'
  ...
# Subtest: generated organization creation preserves name and explicit slug
ok 356 - generated organization creation preserves name and explicit slug
  ---
  duration_ms: 11.950709
  type: 'test'
  ...
# Subtest: generated organization lookup returns the requested organization resource
ok 357 - generated organization lookup returns the requested organization resource
  ---
  duration_ms: 11.375375
  type: 'test'
  ...
# Subtest: generated membership deletion returns its declared resource: receipt
ok 358 - generated membership deletion returns its declared resource: receipt
  ---
  duration_ms: 14.991625
  type: 'test'
  ...
# Subtest: generated membership deletion returns its declared resource: resource
ok 359 - generated membership deletion returns its declared resource: resource
  ---
  duration_ms: 16.970917
  type: 'test'
  ...
# Subtest: generated membership deletion returns its declared resource: rejected
ok 360 - generated membership deletion returns its declared resource: rejected
  ---
  duration_ms: 7.635667
  type: 'test'
  ...
# (node:40854) [MODULE_TYPELESS_PACKAGE_JSON] Warning: Module type of file:///Users/mikepitre/Documents/Codex/2026-09-08/i/work/trees/javascript/packages/clerk-js/src/test/fixtures.ts is not specified and it doesn't parse as CommonJS.
# Reparsing as ES module because module syntax was detected. This incurs a performance overhead.
# To eliminate this warning, add "type": "module" to /Users/mikepitre/Documents/Codex/2026-09-08/i/work/trees/javascript/packages/clerk-js/package.json.
# (Use `node --trace-warnings ...` to show where the warning was created)
# Subtest: server assertion options preserve relying party, credential order and transports
ok 361 - server assertion options preserve relying party, credential order and transports
  ---
  duration_ms: 41.933209
  type: 'test'
  ...
# Subtest: missing relying party fails before native presentation without a domain fallback
ok 362 - missing relying party fails before native presentation without a domain fallback
  ---
  duration_ms: 15.028166
  type: 'test'
  ...
# Subtest: registration-style relying party fails before native presentation without a domain fallback
ok 363 - registration-style relying party fails before native presentation without a domain fallback
  ---
  duration_ms: 13.183041
  type: 'test'
  ...
# Subtest: empty relying party fails before native presentation without a domain fallback
ok 364 - empty relying party fails before native presentation without a domain fallback
  ---
  duration_ms: 14.415167
  type: 'test'
  ...
# Subtest: whitespace relying party fails before native presentation without a domain fallback
ok 365 - whitespace relying party fails before native presentation without a domain fallback
  ---
  duration_ms: 25.009833
  type: 'test'
  ...
# Subtest: non-string relying party fails before native presentation without a domain fallback
ok 366 - non-string relying party fails before native presentation without a domain fallback
  ---
  duration_ms: 18.285834
  type: 'test'
  ...
# Subtest: missing credential ID rejects the server list instead of dropping entries
ok 367 - missing credential ID rejects the server list instead of dropping entries
  ---
  duration_ms: 7.540834
  type: 'test'
  ...
# Subtest: invalid credential ID rejects the server list instead of dropping entries
ok 368 - invalid credential ID rejects the server list instead of dropping entries
  ---
  duration_ms: 10.283458
  type: 'test'
  ...
# (node:40855) [MODULE_TYPELESS_PACKAGE_JSON] Warning: Module type of file:///Users/mikepitre/Documents/Codex/2026-09-08/i/work/trees/javascript/packages/clerk-js/src/test/fixtures.ts is not specified and it doesn't parse as CommonJS.
# Reparsing as ES module because module syntax was detected. This incurs a performance overhead.
# To eliminate this warning, add "type": "module" to /Users/mikepitre/Documents/Codex/2026-09-08/i/work/trees/javascript/packages/clerk-js/package.json.
# (Use `node --trace-warnings ...` to show where the warning was created)
# Subtest: generated passkey registration stops at creation-rejected
ok 369 - generated passkey registration stops at creation-rejected
  ---
  duration_ms: 31.642708
  type: 'test'
  ...
# Subtest: generated passkey registration stops at verification-rejected
ok 370 - generated passkey registration stops at verification-rejected
  ---
  duration_ms: 14.703292
  type: 'test'
  ...
# Subtest: generated passkey registration stops at provider-failed
ok 371 - generated passkey registration stops at provider-failed
  ---
  duration_ms: 9.356917
  type: 'test'
  ...
# Subtest: generated passkey registration stops at invalid-credential
ok 372 - generated passkey registration stops at invalid-credential
  ---
  duration_ms: 10.922583
  type: 'test'
  ...
# Subtest: generated passkey registration stops at missing-options
ok 373 - generated passkey registration stops at missing-options
  ---
  duration_ms: 8.079541
  type: 'test'
  ...
# Subtest: generated passkey registration stops at unsupported
ok 374 - generated passkey registration stops at unsupported
  ---
  duration_ms: 6.839834
  type: 'test'
  ...
# (node:40856) [MODULE_TYPELESS_PACKAGE_JSON] Warning: Module type of file:///Users/mikepitre/Documents/Codex/2026-09-08/i/work/trees/javascript/packages/clerk-js/src/test/fixtures.ts is not specified and it doesn't parse as CommonJS.
# Reparsing as ES module because module syntax was detected. This incurs a performance overhead.
# To eliminate this warning, add "type": "module" to /Users/mikepitre/Documents/Codex/2026-09-08/i/work/trees/javascript/packages/clerk-js/package.json.
# (Use `node --trace-warnings ...` to show where the warning was created)
# Subtest: generated passkey registration supports rename and deletion receipts
ok 375 - generated passkey registration supports rename and deletion receipts
  ---
  duration_ms: 41.336042
  type: 'test'
  ...
# Subtest: generated passkey registration stops after native cancellation
ok 376 - generated passkey registration stops after native cancellation
  ---
  duration_ms: 8.008083
  type: 'test'
  ...
# (node:40857) [MODULE_TYPELESS_PACKAGE_JSON] Warning: Module type of file:///Users/mikepitre/Documents/Codex/2026-09-08/i/work/trees/javascript/packages/clerk-js/src/test/fixtures.ts is not specified and it doesn't parse as CommonJS.
# Reparsing as ES module because module syntax was detected. This incurs a performance overhead.
# To eliminate this warning, add "type": "module" to /Users/mikepitre/Documents/Codex/2026-09-08/i/work/trees/javascript/packages/clerk-js/package.json.
# (Use `node --trace-warnings ...` to show where the warning was created)
# Subtest: future passkey forwards native autofill presentation and binary options
ok 377 - future passkey forwards native autofill presentation and binary options
  ---
  duration_ms: 35.678
  type: 'test'
  ...
# Subtest: future passkey forwards native discoverable presentation and binary options
ok 378 - future passkey forwards native discoverable presentation and binary options
  ---
  duration_ms: 10.651791
  type: 'test'
  ...
# Subtest: future passkey prepares and attempts the active second factor without recreating sign-in
ok 379 - future passkey prepares and attempts the active second factor without recreating sign-in
  ---
  duration_ms: 19.535791
  type: 'test'
  ...
# Subtest: passkey failure retains source stage and error: preparingFirstFactor
ok 380 - passkey failure retains source stage and error: preparingFirstFactor
  ---
  duration_ms: 21.670333
  type: 'test'
  ...
# Subtest: passkey failure retains source stage and error: requestingAuthorization
ok 381 - passkey failure retains source stage and error: requestingAuthorization
  ---
  duration_ms: 16.473708
  type: 'test'
  ...
# Subtest: passkey failure retains source stage and error: attemptingFirstFactor
ok 382 - passkey failure retains source stage and error: attemptingFirstFactor
  ---
  duration_ms: 8.694875
  type: 'test'
  ...
# Subtest: second-factor passkey reports preparingSecondFactor without replacing its attempt
ok 383 - second-factor passkey reports preparingSecondFactor without replacing its attempt
  ---
  duration_ms: 16.818708
  type: 'test'
  ...
# Subtest: second-factor passkey reports attemptingSecondFactor without replacing its attempt
ok 384 - second-factor passkey reports attemptingSecondFactor without replacing its attempt
  ---
  duration_ms: 9.202583
  type: 'test'
  ...
# Subtest: unknown passkey provider failure retains the attempt without submitting a credential
ok 385 - unknown passkey provider failure retains the attempt without submitting a credential
  ---
  duration_ms: 11.787167
  type: 'test'
  ...
# Subtest: email sign-in can follow an automatic passkey failure: user_cancelled
ok 386 - email sign-in can follow an automatic passkey failure: user_cancelled
  ---
  duration_ms: 17.782208
  type: 'test'
  ...
# Subtest: email sign-in can follow an automatic passkey failure: host_failure
ok 387 - email sign-in can follow an automatic passkey failure: host_failure
  ---
  duration_ms: 40.806875
  type: 'test'
  ...
# Subtest: email sign-in can follow an automatic passkey failure: presentation_unavailable
ok 388 - email sign-in can follow an automatic passkey failure: presentation_unavailable
  ---
  duration_ms: 24.055666
  type: 'test'
  ...
# Subtest: email sign-in can follow an automatic passkey failure: invalid_credential_response
ok 389 - email sign-in can follow an automatic passkey failure: invalid_credential_response
  ---
  duration_ms: 15.966708
  type: 'test'
  ...
# (node:40858) [MODULE_TYPELESS_PACKAGE_JSON] Warning: Module type of file:///Users/mikepitre/Documents/Codex/2026-09-08/i/work/trees/javascript/packages/clerk-js/src/test/fixtures.ts is not specified and it doesn't parse as CommonJS.
# Reparsing as ES module because module syntax was detected. This incurs a performance overhead.
# To eliminate this warning, add "type": "module" to /Users/mikepitre/Documents/Codex/2026-09-08/i/work/trees/javascript/packages/clerk-js/package.json.
# (Use `node --trace-warnings ...` to show where the warning was created)
# Subtest: production handshake rejects mismatched bindings before HTTP or storage
ok 390 - production handshake rejects mismatched bindings before HTTP or storage
  ---
  duration_ms: 19.505
  type: 'test'
  ...
# Subtest: generated email verification preserves MFA requirements and returned domain errors
ok 391 - generated email verification preserves MFA requirements and returned domain errors
  ---
  duration_ms: 26.653833
  type: 'test'
  ...
# Subtest: local reset replaces the attempt, invalidates held groups, and makes no HTTP request
ok 392 - local reset replaces the attempt, invalidates held groups, and makes no HTTP request
  ---
  duration_ms: 7.010459
  type: 'test'
  ...
# Subtest: reset cancels an outstanding browser effect and ignores its late callback
ok 393 - reset cancels an outstanding browser effect and ignores its late callback
  ---
  duration_ms: 21.49825
  type: 'test'
  ...
# Subtest: explicit finalize adopts the active session before completion without navigation
ok 394 - explicit finalize adopts the active session before completion without navigation
  ---
  duration_ms: 15.918458
  type: 'test'
  ...
# Subtest: explicit finalize adopts the pending session before completion without navigation
ok 395 - explicit finalize adopts the pending session before completion without navigation
  ---
  duration_ms: 11.252209
  type: 'test'
  ...
# Subtest: sign-out fences a finalization response and its credential before it can restore a session
ok 396 - sign-out fences a finalization response and its credential before it can restore a session
  ---
  duration_ms: 17.861334
  type: 'test'
  ...
# Subtest: background is nonfatal and foreground recovers resources through the core
ok 397 - background is nonfatal and foreground recovers resources through the core
  ---
  duration_ms: 7.07125
  type: 'test'
  ...
# Subtest: native settings are projected from the owner with typed configuration
ok 398 - native settings are projected from the owner with typed configuration
  ---
  duration_ms: 7.39575
  type: 'test'
  ...
# Subtest: custom OAuth configuration survives the generated native settings projection
ok 399 - custom OAuth configuration survives the generated native settings projection
  ---
  duration_ms: 10.731542
  type: 'test'
  ...
# Subtest: phone recovery codes use an explicit generated read and never enter observable state
ok 400 - phone recovery codes use an explicit generated read and never enter observable state
  ---
  duration_ms: 9.718166
  type: 'test'
  ...
# Subtest: the canonical environment resource refreshes settings before generated completion
ok 401 - the canonical environment resource refreshes settings before generated completion
  ---
  duration_ms: 15.545792
  type: 'test'
  ...
# Subtest: native client metadata uses the existing client without exposing legacy auth resources
ok 402 - native client metadata uses the existing client without exposing legacy auth resources
  ---
  duration_ms: 5.149583
  type: 'test'
  ...
# Subtest: identification timestamps survive core hydration and generated state projection
ok 403 - identification timestamps survive core hydration and generated state projection
  ---
  duration_ms: 8.132041
  type: 'test'
  ...
# Subtest: native auth settings refresh through the canonical environment and default to disabled
ok 404 - native auth settings refresh through the canonical environment and default to disabled
  ---
  duration_ms: 5.984834
  type: 'test'
  ...
# Subtest: instance environment strings preserve known and future server values
ok 405 - instance environment strings preserve known and future server values
  ---
  duration_ms: 58.708042
  type: 'test'
  ...
# (node:40859) [MODULE_TYPELESS_PACKAGE_JSON] Warning: Module type of file:///Users/mikepitre/Documents/Codex/2026-09-08/i/work/trees/javascript/packages/clerk-js/src/test/fixtures.ts is not specified and it doesn't parse as CommonJS.
# Reparsing as ES module because module syntax was detected. This incurs a performance overhead.
# To eliminate this warning, add "type": "module" to /Users/mikepitre/Documents/Codex/2026-09-08/i/work/trees/javascript/packages/clerk-js/package.json.
# (Use `node --trace-warnings ...` to show where the warning was created)
# Subtest: ios requests identify the native SDK release
ok 406 - ios requests identify the native SDK release
  ---
  duration_ms: 41.275
  type: 'test'
  ...
# Subtest: android requests identify the native SDK release
ok 407 - android requests identify the native SDK release
  ---
  duration_ms: 15.945084
  type: 'test'
  ...
# Subtest: desktop Apple requests retain native credentials without being classified as mobile
ok 408 - desktop Apple requests retain native credentials without being classified as mobile
  ---
  duration_ms: 7.778375
  type: 'test'
  ...
# Subtest: malformed device classification fails before HTTP
ok 409 - malformed device classification fails before HTTP
  ---
  duration_ms: 20.011292
  type: 'test'
  ...
# Subtest: unknown SDK version is omitted and invalid values fail before HTTP
ok 410 - unknown SDK version is omitted and invalid values fail before HTTP
  ---
  duration_ms: 24.171084
  type: 'test'
  ...
# (node:40860) [MODULE_TYPELESS_PACKAGE_JSON] Warning: Module type of file:///Users/mikepitre/Documents/Codex/2026-09-08/i/work/trees/javascript/packages/clerk-js/src/test/fixtures.ts is not specified and it doesn't parse as CommonJS.
# Reparsing as ES module because module syntax was detected. This incurs a performance overhead.
# To eliminate this warning, add "type": "module" to /Users/mikepitre/Documents/Codex/2026-09-08/i/work/trees/javascript/packages/clerk-js/package.json.
# (Use `node --trace-warnings ...` to show where the warning was created)
# Subtest: mfa.sendPhoneCode preserves selected default factor
ok 411 - mfa.sendPhoneCode preserves selected default factor
  ---
  duration_ms: 44.444375
  type: 'test'
  ...
# Subtest: mfa.sendPhoneCode preserves selected second factor
ok 412 - mfa.sendPhoneCode preserves selected second factor
  ---
  duration_ms: 8.773458
  type: 'test'
  ...
# Subtest: mfa.sendPhoneCode preserves selected unknown factor
ok 413 - mfa.sendPhoneCode preserves selected unknown factor
  ---
  duration_ms: 8.196916
  type: 'test'
  ...
# Subtest: mfa.sendEmailCode preserves selected default factor
ok 414 - mfa.sendEmailCode preserves selected default factor
  ---
  duration_ms: 8.4145
  type: 'test'
  ...
# Subtest: mfa.sendEmailCode preserves selected second factor
ok 415 - mfa.sendEmailCode preserves selected second factor
  ---
  duration_ms: 37.48825
  type: 'test'
  ...
# Subtest: mfa.sendEmailCode preserves selected unknown factor
ok 416 - mfa.sendEmailCode preserves selected unknown factor
  ---
  duration_ms: 10.388375
  type: 'test'
  ...
# Subtest: resetPasswordPhoneCode.sendCode preserves selected default factor
ok 417 - resetPasswordPhoneCode.sendCode preserves selected default factor
  ---
  duration_ms: 9.288792
  type: 'test'
  ...
# Subtest: resetPasswordPhoneCode.sendCode preserves selected second factor
ok 418 - resetPasswordPhoneCode.sendCode preserves selected second factor
  ---
  duration_ms: 14.868791
  type: 'test'
  ...
# Subtest: resetPasswordPhoneCode.sendCode preserves selected unknown factor
ok 419 - resetPasswordPhoneCode.sendCode preserves selected unknown factor
  ---
  duration_ms: 8.640167
  type: 'test'
  ...
# Subtest: resetPasswordEmailCode.sendCode preserves selected default factor
ok 420 - resetPasswordEmailCode.sendCode preserves selected default factor
  ---
  duration_ms: 13.89675
  type: 'test'
  ...
# Subtest: resetPasswordEmailCode.sendCode preserves selected second factor
ok 421 - resetPasswordEmailCode.sendCode preserves selected second factor
  ---
  duration_ms: 7.76875
  type: 'test'
  ...
# Subtest: resetPasswordEmailCode.sendCode preserves selected unknown factor
ok 422 - resetPasswordEmailCode.sendCode preserves selected unknown factor
  ---
  duration_ms: 9.5055
  type: 'test'
  ...
# Subtest: native factor projection preserves known discriminants before unknown enum fallback
ok 423 - native factor projection preserves known discriminants before unknown enum fallback
  ---
  duration_ms: 6.069208
  type: 'test'
  ...
# (node:40861) [MODULE_TYPELESS_PACKAGE_JSON] Warning: Module type of file:///Users/mikepitre/Documents/Codex/2026-09-08/i/work/trees/javascript/packages/clerk-js/src/test/fixtures.ts is not specified and it doesn't parse as CommonJS.
# Reparsing as ES module because module syntax was detected. This incurs a performance overhead.
# To eliminate this warning, add "type": "module" to /Users/mikepitre/Documents/Codex/2026-09-08/i/work/trees/javascript/packages/clerk-js/package.json.
# (Use `node --trace-warnings ...` to show where the warning was created)
# Subtest: rejected organization activation preserves session organization and cached token: 401
ok 424 - rejected organization activation preserves session organization and cached token: 401
  ---
  duration_ms: 45.377375
  type: 'test'
  ...
# Subtest: rejected organization activation preserves session organization and cached token: 403
ok 425 - rejected organization activation preserves session organization and cached token: 403
  ---
  duration_ms: 34.953959
  type: 'test'
  ...
# Subtest: forced organization selection rejects personal selection without a request
ok 426 - forced organization selection rejects personal selection without a request
  ---
  duration_ms: 9.145542
  type: 'test'
  ...
# Subtest: a retained session reads a fresh template token after accepted organization activation
ok 427 - a retained session reads a fresh template token after accepted organization activation
  ---
  duration_ms: 17.068792
  type: 'test'
  ...
# Subtest: accepted organization activation preserves canonical option meaning: org_next
ok 428 - accepted organization activation preserves canonical option meaning: org_next
  ---
  duration_ms: 25.298291
  type: 'test'
  ...
# Subtest: accepted organization activation preserves canonical option meaning: null
ok 429 - accepted organization activation preserves canonical option meaning: null
  ---
  duration_ms: 9.331375
  type: 'test'
  ...
# Subtest: accepted organization activation preserves canonical option meaning: undefined
ok 430 - accepted organization activation preserves canonical option meaning: undefined
  ---
  duration_ms: 10.289834
  type: 'test'
  ...
# Subtest: a pending rejected switch cannot publish its target or overwrite a newer accepted switch
ok 431 - a pending rejected switch cannot publish its target or overwrite a newer accepted switch
  ---
  duration_ms: 48.383167
  type: 'test'
  ...
# (node:40862) [MODULE_TYPELESS_PACKAGE_JSON] Warning: Module type of file:///Users/mikepitre/Documents/Codex/2026-09-08/i/work/trees/javascript/packages/clerk-js/src/test/fixtures.ts is not specified and it doesn't parse as CommonJS.
# Reparsing as ES module because module syntax was detected. This incurs a performance overhead.
# To eliminate this warning, add "type": "module" to /Users/mikepitre/Documents/Codex/2026-09-08/i/work/trees/javascript/packages/clerk-js/package.json.
# (Use `node --trace-warnings ...` to show where the warning was created)
# Subtest: generated session authorization: existing plan
ok 432 - generated session authorization: existing plan
  ---
  duration_ms: 41.665334
  type: 'test'
  ...
# Subtest: generated session authorization: missing plan
ok 433 - generated session authorization: missing plan
  ---
  duration_ms: 7.038709
  type: 'test'
  ...
# Subtest: generated session authorization: feature o:reservations
ok 434 - generated session authorization: feature o:reservations
  ---
  duration_ms: 6.549708
  type: 'test'
  ...
# Subtest: generated session authorization: feature org:reservations
ok 435 - generated session authorization: feature org:reservations
  ---
  duration_ms: 8.623125
  type: 'test'
  ...
# Subtest: generated session authorization: feature organization:reservations
ok 436 - generated session authorization: feature organization:reservations
  ---
  duration_ms: 7.385083
  type: 'test'
  ...
# Subtest: generated session authorization: feature reservations
ok 437 - generated session authorization: feature reservations
  ---
  duration_ms: 6.932458
  type: 'test'
  ...
# Subtest: generated session authorization: feature u:dashboard
ok 438 - generated session authorization: feature u:dashboard
  ---
  duration_ms: 7.504375
  type: 'test'
  ...
# Subtest: generated session authorization: feature user:dashboard
ok 439 - generated session authorization: feature user:dashboard
  ---
  duration_ms: 18.84025
  type: 'test'
  ...
# Subtest: generated session authorization: feature dashboard
ok 440 - generated session authorization: feature dashboard
  ---
  duration_ms: 42.954542
  type: 'test'
  ...
# Subtest: generated session authorization: feature o:support
ok 441 - generated session authorization: feature o:support
  ---
  duration_ms: 6.607583
  type: 'test'
  ...
# Subtest: generated session authorization: feature u:support
ok 442 - generated session authorization: feature u:support
  ---
  duration_ms: 25.400083
  type: 'test'
  ...
# Subtest: generated session authorization: feature o:billing
ok 443 - generated session authorization: feature o:billing
  ---
  duration_ms: 6.863292
  type: 'test'
  ...
# Subtest: generated session authorization: feature u:billing
ok 444 - generated session authorization: feature u:billing
  ---
  duration_ms: 10.221
  type: 'test'
  ...
# Subtest: generated session authorization: unknown feature scope
ok 445 - generated session authorization: unknown feature scope
  ---
  duration_ms: 10.397584
  type: 'test'
  ...
# Subtest: generated session authorization: missing feature
ok 446 - generated session authorization: missing feature
  ---
  duration_ms: 10.972208
  type: 'test'
  ...
# Subtest: generated session authorization: empty request
ok 447 - generated session authorization: empty request
  ---
  duration_ms: 6.155875
  type: 'test'
  ...
# Subtest: generated session authorization: role prefix
ok 448 - generated session authorization: role prefix
  ---
  duration_ms: 19.871667
  type: 'test'
  ...
# Subtest: generated session authorization: role without prefix
ok 449 - generated session authorization: role without prefix
  ---
  duration_ms: 26.776917
  type: 'test'
  ...
# Subtest: generated session authorization: wrong role
ok 450 - generated session authorization: wrong role
  ---
  duration_ms: 9.659375
  type: 'test'
  ...
# Subtest: generated session authorization: permission present
ok 451 - generated session authorization: permission present
  ---
  duration_ms: 6.501375
  type: 'test'
  ...
# Subtest: generated session authorization: permission absent
ok 452 - generated session authorization: permission absent
  ---
  duration_ms: 14.603875
  type: 'test'
  ...
# Subtest: generated session authorization: permission without org
ok 453 - generated session authorization: permission without org
  ---
  duration_ms: 6.849959
  type: 'test'
  ...
# Subtest: generated session authorization: role without org
ok 454 - generated session authorization: role without org
  ---
  duration_ms: 18.642542
  type: 'test'
  ...
# Subtest: generated session authorization: project factor ages
ok 455 - generated session authorization: project factor ages
  ---
  duration_ms: 8.901375
  type: 'test'
  ...
# Subtest: generated session authorization: missing factor ages
ok 456 - generated session authorization: missing factor ages
  ---
  duration_ms: 8.963958
  type: 'test'
  ...
# Subtest: generated session authorization: fresh permission and reverification
ok 457 - generated session authorization: fresh permission and reverification
  ---
  duration_ms: 5.766833
  type: 'test'
  ...
# Subtest: generated session authorization: stale reverification
ok 458 - generated session authorization: stale reverification
  ---
  duration_ms: 13.704083
  type: 'test'
  ...
# Subtest: generated session authorization: strict MFA without second factor
ok 459 - generated session authorization: strict MFA without second factor
  ---
  duration_ms: 5.708583
  type: 'test'
  ...
# Subtest: generated session authorization: no enrolled factors
ok 460 - generated session authorization: no enrolled factors
  ---
  duration_ms: 9.745167
  type: 'test'
  ...
# Subtest: generated session authorization: missing feature despite fresh factors
ok 461 - generated session authorization: missing feature despite fresh factors
  ---
  duration_ms: 5.789542
  type: 'test'
  ...
# Subtest: generated session authorization: missing feature claims
ok 462 - generated session authorization: missing feature claims
  ---
  duration_ms: 7.324875
  type: 'test'
  ...
# Subtest: generated session authorization: missing plan claims
ok 463 - generated session authorization: missing plan claims
  ---
  duration_ms: 8.362709
  type: 'test'
  ...
# Subtest: generated session authorization: malformed feature claim
ok 464 - generated session authorization: malformed feature claim
  ---
  duration_ms: 5.483916
  type: 'test'
  ...
# Subtest: generated session authorization: user feature without org
ok 465 - generated session authorization: user feature without org
  ---
  duration_ms: 5.184292
  type: 'test'
  ...
# Subtest: generated session authorization: org feature absent without org
ok 466 - generated session authorization: org feature absent without org
  ---
  duration_ms: 5.329208
  type: 'test'
  ...
# Subtest: generated session authorization: invalid maximum age 0
ok 467 - generated session authorization: invalid maximum age 0
  ---
  duration_ms: 5.183333
  type: 'test'
  ...
# Subtest: generated session authorization: invalid maximum age -1
ok 468 - generated session authorization: invalid maximum age -1
  ---
  duration_ms: 5.141542
  type: 'test'
  ...
# Subtest: generated session authorization: unknown reverification level
ok 469 - generated session authorization: unknown reverification level
  ---
  duration_ms: 5.743416
  type: 'test'
  ...
# Subtest: authorization observes changed membership permissions after session reload
ok 470 - authorization observes changed membership permissions after session reload
  ---
  duration_ms: 8.332916
  type: 'test'
  ...
# Subtest: authorization rejects omitted required factor ages at startup
ok 471 - authorization rejects omitted required factor ages at startup
  ---
  duration_ms: 4.471875
  type: 'test'
  ...
# Subtest: authorization rejects malformed required factor ages at startup
ok 472 - authorization rejects malformed required factor ages at startup
  ---
  duration_ms: 4.632208
  type: 'test'
  ...
# (node:40863) [MODULE_TYPELESS_PACKAGE_JSON] Warning: Module type of file:///Users/mikepitre/Documents/Codex/2026-09-08/i/work/trees/javascript/packages/clerk-js/src/test/fixtures.ts is not specified and it doesn't parse as CommonJS.
# Reparsing as ES module because module syntax was detected. This incurs a performance overhead.
# To eliminate this warning, add "type": "module" to /Users/mikepitre/Documents/Codex/2026-09-08/i/work/trees/javascript/packages/clerk-js/package.json.
# (Use `node --trace-warnings ...` to show where the warning was created)
# Subtest: generated session passkey verification stops at preparation-rejected
ok 473 - generated session passkey verification stops at preparation-rejected
  ---
  duration_ms: 33.575834
  type: 'test'
  ...
# Subtest: generated session passkey verification stops at submission-rejected
ok 474 - generated session passkey verification stops at submission-rejected
  ---
  duration_ms: 28.480166
  type: 'test'
  ...
# Subtest: generated session passkey verification stops at missing-options
ok 475 - generated session passkey verification stops at missing-options
  ---
  duration_ms: 9.626166
  type: 'test'
  ...
# Subtest: generated session passkey verification stops at provider-failed
ok 476 - generated session passkey verification stops at provider-failed
  ---
  duration_ms: 7.520584
  type: 'test'
  ...
# Subtest: generated session passkey verification stops at invalid-credential
ok 477 - generated session passkey verification stops at invalid-credential
  ---
  duration_ms: 19.215167
  type: 'test'
  ...
# Subtest: generated session passkey verification stops at unsupported
ok 478 - generated session passkey verification stops at unsupported
  ---
  duration_ms: 35.706667
  type: 'test'
  ...
# (node:40864) [MODULE_TYPELESS_PACKAGE_JSON] Warning: Module type of file:///Users/mikepitre/Documents/Codex/2026-09-08/i/work/trees/javascript/packages/clerk-js/src/test/fixtures.ts is not specified and it doesn't parse as CommonJS.
# Reparsing as ES module because module syntax was detected. This incurs a performance overhead.
# To eliminate this warning, add "type": "module" to /Users/mikepitre/Documents/Codex/2026-09-08/i/work/trees/javascript/packages/clerk-js/package.json.
# (Use `node --trace-warnings ...` to show where the warning was created)
# Subtest: generated session revocation: current
ok 479 - generated session revocation: current
  ---
  duration_ms: 37.65925
  type: 'test'
  ...
# Subtest: generated session revocation: other
ok 480 - generated session revocation: other
  ---
  duration_ms: 9.417
  type: 'test'
  ...
# Subtest: generated session revocation: rejected
ok 481 - generated session revocation: rejected
  ---
  duration_ms: 10.8315
  type: 'test'
  ...
# Subtest: pending task survives generated projection: setup-mfa
ok 482 - pending task survives generated projection: setup-mfa
  ---
  duration_ms: 24.281875
  type: 'test'
  ...
# Subtest: pending task survives generated projection: reset-password
ok 483 - pending task survives generated projection: reset-password
  ---
  duration_ms: 9.087333
  type: 'test'
  ...
# Subtest: pending task survives generated projection: another-task
ok 484 - pending task survives generated projection: another-task
  ---
  duration_ms: 12.959666
  type: 'test'
  ...
# Subtest: a session without user identity denies authorization
ok 485 - a session without user identity denies authorization
  ---
  duration_ms: 10.422333
  type: 'test'
  ...
# (node:40865) [MODULE_TYPELESS_PACKAGE_JSON] Warning: Module type of file:///Users/mikepitre/Documents/Codex/2026-09-08/i/work/trees/javascript/packages/clerk-js/src/test/fixtures.ts is not specified and it doesn't parse as CommonJS.
# Reparsing as ES module because module syntax was detected. This incurs a performance overhead.
# To eliminate this warning, add "type": "module" to /Users/mikepitre/Documents/Codex/2026-09-08/i/work/trees/javascript/packages/clerk-js/package.json.
# (Use `node --trace-warnings ...` to show where the warning was created)
# Subtest: generated sign-out request and cache policy: scoped=false, rejected=false
ok 486 - generated sign-out request and cache policy: scoped=false, rejected=false
  ---
  duration_ms: 62.893708
  type: 'test'
  ...
# Subtest: generated sign-out request and cache policy: scoped=false, rejected=true
ok 487 - generated sign-out request and cache policy: scoped=false, rejected=true
  ---
  duration_ms: 16.901292
  type: 'test'
  ...
# Subtest: generated sign-out request and cache policy: scoped=true, rejected=false
ok 488 - generated sign-out request and cache policy: scoped=true, rejected=false
  ---
  duration_ms: 12.316792
  type: 'test'
  ...
# Subtest: generated sign-out request and cache policy: scoped=true, rejected=true
ok 489 - generated sign-out request and cache policy: scoped=true, rejected=true
  ---
  duration_ms: 16.75475
  type: 'test'
  ...
# (node:40866) [MODULE_TYPELESS_PACKAGE_JSON] Warning: Module type of file:///Users/mikepitre/Documents/Codex/2026-09-08/i/work/trees/javascript/packages/clerk-js/src/test/fixtures.ts is not specified and it doesn't parse as CommonJS.
# Reparsing as ES module because module syntax was detected. This incurs a performance overhead.
# To eliminate this warning, add "type": "module" to /Users/mikepitre/Documents/Codex/2026-09-08/i/work/trees/javascript/packages/clerk-js/package.json.
# (Use `node --trace-warnings ...` to show where the warning was created)
# Subtest: initial core selection: missing selection falls back to the first signed-in session
ok 490 - initial core selection: missing selection falls back to the first signed-in session
  ---
  duration_ms: 30.978959
  type: 'test'
  ...
# Subtest: initial core selection: unmatched selection falls back to the first signed-in session
ok 491 - initial core selection: unmatched selection falls back to the first signed-in session
  ---
  duration_ms: 10.639292
  type: 'test'
  ...
# Subtest: initial core selection: selected pending session is retained
ok 492 - initial core selection: selected pending session is retained
  ---
  duration_ms: 5.239417
  type: 'test'
  ...
# Subtest: initial core selection: selected active session is retained
ok 493 - initial core selection: selected active session is retained
  ---
  duration_ms: 6.711125
  type: 'test'
  ...
# Subtest: initial core selection: selection wins across multiple sessions
ok 494 - initial core selection: selection wins across multiple sessions
  ---
  duration_ms: 7.227334
  type: 'test'
  ...
# Subtest: initial core selection: inactive sessions are excluded from initial selection
ok 495 - initial core selection: inactive sessions are excluded from initial selection
  ---
  duration_ms: 16.717042
  type: 'test'
  ...
# Subtest: session reload publishes unchanged state before completing
ok 496 - session reload publishes unchanged state before completing
  ---
  duration_ms: 27.002458
  type: 'test'
  ...
# Subtest: session reload publishes timestamp state before completing
ok 497 - session reload publishes timestamp state before completing
  ---
  duration_ms: 14.976083
  type: 'test'
  ...
# Subtest: session reload publishes pending state before completing
ok 498 - session reload publishes pending state before completing
  ---
  duration_ms: 10.287458
  type: 'test'
  ...
# Subtest: session reload publishes expired state before completing
ok 499 - session reload publishes expired state before completing
  ---
  duration_ms: 53.98825
  type: 'test'
  ...
# Subtest: session reload publishes removed state before completing
ok 500 - session reload publishes removed state before completing
  ---
  duration_ms: 11.921291
  type: 'test'
  ...
# Subtest: session reload publishes replaced state before completing
ok 501 - session reload publishes replaced state before completing
  ---
  duration_ms: 11.027625
  type: 'test'
  ...
# Subtest: the active organization is derived from session membership: org_one
ok 502 - the active organization is derived from session membership: org_one
  ---
  duration_ms: 5.525042
  type: 'test'
  ...
# Subtest: the active organization is derived from session membership: null
ok 503 - the active organization is derived from session membership: null
  ---
  duration_ms: 5.346584
  type: 'test'
  ...
# Subtest: the active organization is derived from session membership: org_missing
ok 504 - the active organization is derived from session membership: org_missing
  ---
  duration_ms: 6.363083
  type: 'test'
  ...
# Subtest: session reload publishes the changed organization before completion: org_two
ok 505 - session reload publishes the changed organization before completion: org_two
  ---
  duration_ms: 7.765583
  type: 'test'
  ...
# Subtest: session reload publishes the changed organization before completion: null
ok 506 - session reload publishes the changed organization before completion: null
  ---
  duration_ms: 12.398833
  type: 'test'
  ...
# (node:40867) [MODULE_TYPELESS_PACKAGE_JSON] Warning: Module type of file:///Users/mikepitre/Documents/Codex/2026-09-08/i/work/trees/javascript/packages/clerk-js/src/test/fixtures.ts is not specified and it doesn't parse as CommonJS.
# Reparsing as ES module because module syntax was detected. This incurs a performance overhead.
# To eliminate this warning, add "type": "module" to /Users/mikepitre/Documents/Codex/2026-09-08/i/work/trees/javascript/packages/clerk-js/package.json.
# (Use `node --trace-warnings ...` to show where the warning was created)
# Subtest: generated token request preserves shared policy: first mint
ok 507 - generated token request preserves shared policy: first mint
  ---
  duration_ms: 33.994584
  type: 'test'
  ...
# Subtest: generated token request preserves shared policy: forced first mint
ok 508 - generated token request preserves shared policy: forced first mint
  ---
  duration_ms: 9.991
  type: 'test'
  ...
# Subtest: generated token request preserves shared policy: previous token and forced origin
ok 509 - generated token request preserves shared policy: previous token and forced origin
  ---
  duration_ms: 17.854042
  type: 'test'
  ...
# Subtest: generated token request preserves shared policy: disabled minter
ok 510 - generated token request preserves shared policy: disabled minter
  ---
  duration_ms: 9.572917
  type: 'test'
  ...
# Subtest: generated token request preserves shared policy: template ignores mint parameters
ok 511 - generated token request preserves shared policy: template ignores mint parameters
  ---
  duration_ms: 16.679166
  type: 'test'
  ...
# Subtest: a nonselected available session coalesces token requests without changing selection
ok 512 - a nonselected available session coalesces token requests without changing selection
  ---
  duration_ms: 17.544916
  type: 'test'
  ...
# (node:40868) [MODULE_TYPELESS_PACKAGE_JSON] Warning: Module type of file:///Users/mikepitre/Documents/Codex/2026-09-08/i/work/trees/javascript/packages/clerk-js/src/test/fixtures.ts is not specified and it doesn't parse as CommonJS.
# Reparsing as ES module because module syntax was detected. This incurs a performance overhead.
# To eliminate this warning, add "type": "module" to /Users/mikepitre/Documents/Codex/2026-09-08/i/work/trees/javascript/packages/clerk-js/package.json.
# (Use `node --trace-warnings ...` to show where the warning was created)
# Subtest: generated session verification: startVerification first_factor
ok 513 - generated session verification: startVerification first_factor
  ---
  duration_ms: 58.990542
  type: 'test'
  ...
# Subtest: generated session verification: startVerification second_factor
ok 514 - generated session verification: startVerification second_factor
  ---
  duration_ms: 14.763625
  type: 'test'
  ...
# Subtest: generated session verification: startVerification multi_factor
ok 515 - generated session verification: startVerification multi_factor
  ---
  duration_ms: 12.625167
  type: 'test'
  ...
# Subtest: generated session verification: prepareFirstFactorVerification passkey
ok 516 - generated session verification: prepareFirstFactorVerification passkey
  ---
  duration_ms: 7.628375
  type: 'test'
  ...
# Subtest: generated session verification: prepareFirstFactorVerification email_code
ok 517 - generated session verification: prepareFirstFactorVerification email_code
  ---
  duration_ms: 18.309916
  type: 'test'
  ...
# Subtest: generated session verification: prepareFirstFactorVerification phone_code
ok 518 - generated session verification: prepareFirstFactorVerification phone_code
  ---
  duration_ms: 7.927292
  type: 'test'
  ...
# Subtest: generated session verification: prepareFirstFactorVerification enterprise_sso
ok 519 - generated session verification: prepareFirstFactorVerification enterprise_sso
  ---
  duration_ms: 7.346666
  type: 'test'
  ...
# Subtest: generated session verification: attemptFirstFactorVerification email_code
ok 520 - generated session verification: attemptFirstFactorVerification email_code
  ---
  duration_ms: 13.13575
  type: 'test'
  ...
# Subtest: generated session verification: attemptFirstFactorVerification phone_code
ok 521 - generated session verification: attemptFirstFactorVerification phone_code
  ---
  duration_ms: 8.225208
  type: 'test'
  ...
# Subtest: generated session verification: attemptFirstFactorVerification password
ok 522 - generated session verification: attemptFirstFactorVerification password
  ---
  duration_ms: 6.497375
  type: 'test'
  ...
# Subtest: generated session verification: prepareSecondFactorVerification phone_code
ok 523 - generated session verification: prepareSecondFactorVerification phone_code
  ---
  duration_ms: 6.063334
  type: 'test'
  ...
# Subtest: generated session verification: attemptSecondFactorVerification phone_code
ok 524 - generated session verification: attemptSecondFactorVerification phone_code
  ---
  duration_ms: 9.326291
  type: 'test'
  ...
# Subtest: generated session verification: attemptSecondFactorVerification totp
ok 525 - generated session verification: attemptSecondFactorVerification totp
  ---
  duration_ms: 8.070834
  type: 'test'
  ...
# Subtest: generated session verification: attemptSecondFactorVerification backup_code
ok 526 - generated session verification: attemptSecondFactorVerification backup_code
  ---
  duration_ms: 7.906375
  type: 'test'
  ...
# Subtest: session passkey reverification prepares and submits credential
ok 527 - session passkey reverification prepares and submits credential
  ---
  duration_ms: 7.097583
  type: 'test'
  ...
# Subtest: session passkey reverification propagates cancellation
ok 528 - session passkey reverification propagates cancellation
  ---
  duration_ms: 6.720833
  type: 'test'
  ...
# Subtest: session verification preserves structured invalid-code failure and permits retry
ok 529 - session verification preserves structured invalid-code failure and permits retry
  ---
  duration_ms: 8.217625
  type: 'test'
  ...
# Subtest: session verification does not expose the inherited method without a reload endpoint
ok 530 - session verification does not expose the inherited method without a reload endpoint
  ---
  duration_ms: 6.778583
  type: 'test'
  ...
# (node:40869) [MODULE_TYPELESS_PACKAGE_JSON] Warning: Module type of file:///Users/mikepitre/Documents/Codex/2026-09-08/i/work/trees/javascript/packages/clerk-js/src/test/fixtures.ts is not specified and it doesn't parse as CommonJS.
# Reparsing as ES module because module syntax was detected. This incurs a performance overhead.
# To eliminate this warning, add "type": "module" to /Users/mikepitre/Documents/Codex/2026-09-08/i/work/trees/javascript/packages/clerk-js/package.json.
# (Use `node --trace-warnings ...` to show where the warning was created)
# Subtest: nested client sign-in preserves needs_client_trust and related fields
ok 531 - nested client sign-in preserves needs_client_trust and related fields
  ---
  duration_ms: 38.812583
  type: 'test'
  ...
# Subtest: nested client sign-in preserves future_sign_in_status and related fields
ok 532 - nested client sign-in preserves future_sign_in_status and related fields
  ---
  duration_ms: 8.715958
  type: 'test'
  ...
# Subtest: server updates replace unknown sign-in status while preserving the resource handle
ok 533 - server updates replace unknown sign-in status while preserving the resource handle
  ---
  duration_ms: 12.776291
  type: 'test'
  ...
# (node:40870) [MODULE_TYPELESS_PACKAGE_JSON] Warning: Module type of file:///Users/mikepitre/Documents/Codex/2026-09-08/i/work/trees/javascript/packages/clerk-js/src/test/fixtures.ts is not specified and it doesn't parse as CommonJS.
# Reparsing as ES module because module syntax was detected. This incurs a performance overhead.
# To eliminate this warning, add "type": "module" to /Users/mikepitre/Documents/Codex/2026-09-08/i/work/trees/javascript/packages/clerk-js/package.json.
# (Use `node --trace-warnings ...` to show where the warning was created)
# Subtest: signIn.sso runs the generated operation on the real future facade without a browser global or implicit finalization
ok 534 - signIn.sso runs the generated operation on the real future facade without a browser global or implicit finalization
  ---
  duration_ms: 46.3915
  type: 'test'
  ...
# Subtest: signIn.sso preserves remaining requirements
ok 535 - signIn.sso preserves remaining requirements
  ---
  duration_ms: 8.551417
  type: 'test'
  ...
# Subtest: signIn.sso returns native cancellation through its error envelope without reconciling or activating
ok 536 - signIn.sso returns native cancellation through its error envelope without reconciling or activating
  ---
  duration_ms: 5.65025
  type: 'test'
  ...
# Subtest: signIn.sso rejects an unrelated callback before sending a nonce
ok 537 - signIn.sso rejects an unrelated callback before sending a nonce
  ---
  duration_ms: 7.437417
  type: 'test'
  ...
# Subtest: signUp.sso runs the generated operation on the real future facade without a browser global or implicit finalization
ok 538 - signUp.sso runs the generated operation on the real future facade without a browser global or implicit finalization
  ---
  duration_ms: 7.301791
  type: 'test'
  ...
# Subtest: signUp.sso preserves remaining requirements
ok 539 - signUp.sso preserves remaining requirements
  ---
  duration_ms: 7.661833
  type: 'test'
  ...
# Subtest: signUp.sso returns native cancellation through its error envelope without reconciling or activating
ok 540 - signUp.sso returns native cancellation through its error envelope without reconciling or activating
  ---
  duration_ms: 6.675
  type: 'test'
  ...
# Subtest: signUp.sso rejects an unrelated callback before sending a nonce
ok 541 - signUp.sso rejects an unrelated callback before sending a nonce
  ---
  duration_ms: 4.786833
  type: 'test'
  ...
# Subtest: signIn.sso preserves native query nonce semantics
ok 542 - signIn.sso preserves native query nonce semantics
  ---
  duration_ms: 33.377375
  type: 'test'
  ...
# Subtest: signUp.sso preserves native query nonce semantics
ok 543 - signUp.sso preserves native query nonce semantics
  ---
  duration_ms: 34.901791
  type: 'test'
  ...
# Subtest: signIn.sso preserves the caller's raw OIDC prompt string
ok 544 - signIn.sso preserves the caller's raw OIDC prompt string
  ---
  duration_ms: 42.496708
  type: 'test'
  ...
# Subtest: signUp.sso preserves the caller's raw OIDC prompt string
ok 545 - signUp.sso preserves the caller's raw OIDC prompt string
  ---
  duration_ms: 40.007875
  type: 'test'
  ...
# (node:40871) [MODULE_TYPELESS_PACKAGE_JSON] Warning: Module type of file:///Users/mikepitre/Documents/Codex/2026-09-08/i/work/trees/javascript/packages/clerk-js/src/test/fixtures.ts is not specified and it doesn't parse as CommonJS.
# Reparsing as ES module because module syntax was detected. This incurs a performance overhead.
# To eliminate this warning, add "type": "module" to /Users/mikepitre/Documents/Codex/2026-09-08/i/work/trees/javascript/packages/clerk-js/package.json.
# (Use `node --trace-warnings ...` to show where the warning was created)
# Subtest: coalesced token callers cancel independently: 0
ok 546 - coalesced token callers cancel independently: 0
  ---
  duration_ms: 44.693167
  type: 'test'
  ...
# Subtest: coalesced token callers cancel independently: 1
ok 547 - coalesced token callers cancel independently: 1
  ---
  duration_ms: 8.90925
  type: 'test'
  ...
# Subtest: coalesced token callers cancel independently: 0,1
ok 548 - coalesced token callers cancel independently: 0,1
  ---
  duration_ms: 11.6815
  type: 'test'
  ...
# Subtest: a shared token failure reaches the surviving caller and permits recovery: cancelled=0
ok 549 - a shared token failure reaches the surviving caller and permits recovery: cancelled=0
  ---
  duration_ms: 13.813208
  type: 'test'
  ...
# Subtest: a shared token failure reaches the surviving caller and permits recovery: cancelled=1
ok 550 - a shared token failure reaches the surviving caller and permits recovery: cancelled=1
  ---
  duration_ms: 10.761208
  type: 'test'
  ...
# (node:40872) [MODULE_TYPELESS_PACKAGE_JSON] Warning: Module type of file:///Users/mikepitre/Documents/Codex/2026-09-08/i/work/trees/javascript/packages/clerk-js/src/test/fixtures.ts is not specified and it doesn't parse as CommonJS.
# Reparsing as ES module because module syntax was detected. This incurs a performance overhead.
# To eliminate this warning, add "type": "module" to /Users/mikepitre/Documents/Codex/2026-09-08/i/work/trees/javascript/packages/clerk-js/package.json.
# (Use `node --trace-warnings ...` to show where the warning was created)
# Subtest: Session.getToken handles valid raw token
ok 551 - Session.getToken handles valid raw token
  ---
  duration_ms: 49.596459
  type: 'test'
  ...
# Subtest: Session.getToken handles missing JWT segment
ok 552 - Session.getToken handles missing JWT segment
  ---
  duration_ms: 42.833042
  type: 'test'
  ...
# Subtest: Session.getToken handles invalid base64 header
ok 553 - Session.getToken handles invalid base64 header
  ---
  duration_ms: 33.530959
  type: 'test'
  ...
# Subtest: Session.getToken handles invalid JSON payload
ok 554 - Session.getToken handles invalid JSON payload
  ---
  duration_ms: 20.666
  type: 'test'
  ...
# (node:40873) [MODULE_TYPELESS_PACKAGE_JSON] Warning: Module type of file:///Users/mikepitre/Documents/Codex/2026-09-08/i/work/trees/javascript/packages/clerk-js/src/test/fixtures.ts is not specified and it doesn't parse as CommonJS.
# Reparsing as ES module because module syntax was detected. This incurs a performance overhead.
# To eliminate this warning, add "type": "module" to /Users/mikepitre/Documents/Codex/2026-09-08/i/work/trees/javascript/packages/clerk-js/package.json.
# (Use `node --trace-warnings ...` to show where the warning was created)
# Subtest: cache clear ignores a pending proactive refresh with replacement=false
ok 555 - cache clear ignores a pending proactive refresh with replacement=false
  ---
  duration_ms: 45.592292
  type: 'test'
  ...
# Subtest: cache clear ignores a pending proactive refresh with replacement=true
ok 556 - cache clear ignores a pending proactive refresh with replacement=true
  ---
  duration_ms: 9.955917
  type: 'test'
  ...
# Subtest: clearing the token cache fences earlier requests when old reply arrives first=false
ok 557 - clearing the token cache fences earlier requests when old reply arrives first=false
  ---
  duration_ms: 8.576125
  type: 'test'
  ...
# Subtest: clearing the token cache fences earlier requests when old reply arrives first=true
ok 558 - clearing the token cache fences earlier requests when old reply arrives first=true
  ---
  duration_ms: 8.609833
  type: 'test'
  ...
# (node:40874) [MODULE_TYPELESS_PACKAGE_JSON] Warning: Module type of file:///Users/mikepitre/Documents/Codex/2026-09-08/i/work/trees/javascript/packages/clerk-js/src/test/fixtures.ts is not specified and it doesn't parse as CommonJS.
# Reparsing as ES module because module syntax was detected. This incurs a performance overhead.
# To eliminate this warning, add "type": "module" to /Users/mikepitre/Documents/Codex/2026-09-08/i/work/trees/javascript/packages/clerk-js/package.json.
# (Use `node --trace-warnings ...` to show where the warning was created)
# Subtest: generated token calls preserve canonical snapshot policy: initial
ok 559 - generated token calls preserve canonical snapshot policy: initial
  ---
  duration_ms: 29.857
  type: 'test'
  ...
# Subtest: generated token calls preserve canonical snapshot policy: clear
ok 560 - generated token calls preserve canonical snapshot policy: clear
  ---
  duration_ms: 12.514958
  type: 'test'
  ...
# Subtest: generated token calls preserve canonical snapshot policy: mintTie
ok 561 - generated token calls preserve canonical snapshot policy: mintTie
  ---
  duration_ms: 13.817916
  type: 'test'
  ...
# Subtest: generated token calls preserve canonical snapshot policy: stale
ok 562 - generated token calls preserve canonical snapshot policy: stale
  ---
  duration_ms: 18.86225
  type: 'test'
  ...
# Subtest: generated token calls preserve canonical snapshot policy: fresh
ok 563 - generated token calls preserve canonical snapshot policy: fresh
  ---
  duration_ms: 12.901542
  type: 'test'
  ...
# Subtest: generated token calls preserve canonical snapshot policy: tie
ok 564 - generated token calls preserve canonical snapshot policy: tie
  ---
  duration_ms: 14.2615
  type: 'test'
  ...
# Subtest: generated token calls preserve canonical snapshot policy: expired
ok 565 - generated token calls preserve canonical snapshot policy: expired
  ---
  duration_ms: 10.344625
  type: 'test'
  ...
# (node:40875) [MODULE_TYPELESS_PACKAGE_JSON] Warning: Module type of file:///Users/mikepitre/Documents/Codex/2026-09-08/i/work/trees/javascript/packages/clerk-js/src/utils/passkeyFailureStage.ts is not specified and it doesn't parse as CommonJS.
# Reparsing as ES module because module syntax was detected. This incurs a performance overhead.
# To eliminate this warning, add "type": "module" to /Users/mikepitre/Documents/Codex/2026-09-08/i/work/trees/javascript/packages/clerk-js/package.json.
# (Use `node --trace-warnings ...` to show where the warning was created)
# Subtest: recognized discriminants beat closed enum fallback without losing future field values
ok 566 - recognized discriminants beat closed enum fallback without losing future field values
  ---
  duration_ms: 1.145875
  type: 'test'
  ...
# Subtest: malformed recognized discriminants cannot fall back to the closed enum branch
ok 567 - malformed recognized discriminants cannot fall back to the closed enum branch
  ---
  duration_ms: 0.20325
  type: 'test'
  ...
# Subtest: recognized discriminants beat open enum fallback without losing future field values
ok 568 - recognized discriminants beat open enum fallback without losing future field values
  ---
  duration_ms: 0.086458
  type: 'test'
  ...
# Subtest: malformed recognized discriminants cannot fall back to the open enum branch
ok 569 - malformed recognized discriminants cannot fall back to the open enum branch
  ---
  duration_ms: 0.056458
  type: 'test'
  ...
# (node:40876) [MODULE_TYPELESS_PACKAGE_JSON] Warning: Module type of file:///Users/mikepitre/Documents/Codex/2026-09-08/i/work/trees/javascript/packages/clerk-js/src/test/fixtures.ts is not specified and it doesn't parse as CommonJS.
# Reparsing as ES module because module syntax was detected. This incurs a performance overhead.
# To eliminate this warning, add "type": "module" to /Users/mikepitre/Documents/Codex/2026-09-08/i/work/trees/javascript/packages/clerk-js/package.json.
# (Use `node --trace-warnings ...` to show where the warning was created)
# Subtest: clearing both profile names clears the generated full name (null)
ok 570 - clearing both profile names clears the generated full name (null)
  ---
  duration_ms: 36.170041
  type: 'test'
  ...
# Subtest: clearing both profile names clears the generated full name ("")
ok 571 - clearing both profile names clears the generated full name ("")
  ---
  duration_ms: 8.245292
  type: 'test'
  ...
# Subtest: profile image removal returns a usable generated image (receipt)
ok 572 - profile image removal returns a usable generated image (receipt)
  ---
  duration_ms: 17.12875
  type: 'test'
  ...
# Subtest: profile image removal returns a usable generated image (resource)
ok 573 - profile image removal returns a usable generated image (resource)
  ---
  duration_ms: 9.464166
  type: 'test'
  ...
# Subtest: profile image removal returns a usable generated image (rejected)
ok 574 - profile image removal returns a usable generated image (rejected)
  ---
  duration_ms: 8.180583
  type: 'test'
  ...
# Subtest: generated deprecated user metadata replacement uses identical
ok 575 - generated deprecated user metadata replacement uses identical
  ---
  duration_ms: 6.434334
  type: 'test'
  ...
# Subtest: generated deprecated user metadata replacement uses reloaded-current
ok 576 - generated deprecated user metadata replacement uses reloaded-current
  ---
  duration_ms: 10.344084
  type: 'test'
  ...
# Subtest: generated deprecated user metadata replacement uses reloaded-null
ok 577 - generated deprecated user metadata replacement uses reloaded-null
  ---
  duration_ms: 6.322584
  type: 'test'
  ...
# Subtest: generated deprecated user metadata replacement uses profile-current
ok 578 - generated deprecated user metadata replacement uses profile-current
  ---
  duration_ms: 6.45775
  type: 'test'
  ...
# Subtest: generated deprecated user metadata replacement uses profile-null
ok 579 - generated deprecated user metadata replacement uses profile-null
  ---
  duration_ms: 6.531667
  type: 'test'
  ...
# Subtest: generated metadata deep-merge forwards the explicit patch without replacing unrelated fields
ok 580 - generated metadata deep-merge forwards the explicit patch without replacing unrelated fields
  ---
  duration_ms: 6.931125
  type: 'test'
  ...
# Subtest: generated password update preserves current password and sign-out flag (true)
ok 581 - generated password update preserves current password and sign-out flag (true)
  ---
  duration_ms: 6.041834
  type: 'test'
  ...
# Subtest: generated password update preserves current password and sign-out flag (false)
ok 582 - generated password update preserves current password and sign-out flag (false)
  ---
  duration_ms: 7.359375
  type: 'test'
  ...
# Subtest: generated user image upload preserves binary data and published profile state
ok 583 - generated user image upload preserves binary data and published profile state
  ---
  duration_ms: 6.381791
  type: 'test'
  ...
# Subtest: generated user image upload preserves string data and published profile state
ok 584 - generated user image upload preserves string data and published profile state
  ---
  duration_ms: 6.485625
  type: 'test'
  ...
# Subtest: generated TOTP enrollment, verification, recovery and removal preserve explicit results and client flags
ok 585 - generated TOTP enrollment, verification, recovery and removal preserve explicit results and client flags
  ---
  duration_ms: 10.619083
  type: 'test'
  ...
# Subtest: generated user getOrganizationInvitations preserves page 1 and status filters
ok 586 - generated user getOrganizationInvitations preserves page 1 and status filters
  ---
  duration_ms: 7.325625
  type: 'test'
  ...
# Subtest: generated user getOrganizationInvitations preserves page 2 and status filters
ok 587 - generated user getOrganizationInvitations preserves page 2 and status filters
  ---
  duration_ms: 5.748834
  type: 'test'
  ...
# Subtest: generated user getOrganizationSuggestions preserves page 1 and status filters
ok 588 - generated user getOrganizationSuggestions preserves page 1 and status filters
  ---
  duration_ms: 5.763584
  type: 'test'
  ...
# Subtest: generated user getOrganizationSuggestions preserves page 2 and status filters
ok 589 - generated user getOrganizationSuggestions preserves page 2 and status filters
  ---
  duration_ms: 6.228542
  type: 'test'
  ...
# Subtest: generated user getOrganizationMemberships preserves page 1 and status filters
ok 590 - generated user getOrganizationMemberships preserves page 1 and status filters
  ---
  duration_ms: 6.284834
  type: 'test'
  ...
# Subtest: generated user getOrganizationMemberships preserves page 3 and status filters
ok 591 - generated user getOrganizationMemberships preserves page 3 and status filters
  ---
  duration_ms: 5.759667
  type: 'test'
  ...
# Subtest: generated leaveOrganization publishes client membership changes (rejected=false)
ok 592 - generated leaveOrganization publishes client membership changes (rejected=false)
  ---
  duration_ms: 7.733
  type: 'test'
  ...
# Subtest: generated leaveOrganization publishes client membership changes (rejected=true)
ok 593 - generated leaveOrganization publishes client membership changes (rejected=true)
  ---
  duration_ms: 5.522667
  type: 'test'
  ...
# Subtest: generated user deletion reconciles the server's cleared client (rejected=false)
ok 594 - generated user deletion reconciles the server's cleared client (rejected=false)
  ---
  duration_ms: 6.293792
  type: 'test'
  ...
# Subtest: generated user deletion reconciles the server's cleared client (rejected=true)
ok 595 - generated user deletion reconciles the server's cleared client (rejected=true)
  ---
  duration_ms: 5.394125
  type: 'test'
  ...
# Subtest: user invitation filters follow the canonical single-status contract
ok 596 - user invitation filters follow the canonical single-status contract
  ---
  duration_ms: 7.281292
  type: 'test'
  ...
1..596
# tests 596
# suites 0
# pass 596
# fail 0
# cancelled 0
# skipped 0
# todo 0
# duration_ms 1196.63525
